Repository,Component Type,Ecosystem,Name,Version,Dependency Scope,Relationship,License,PURL or Reference,Metadata Source,Notes
workspace,application,first-party,rg-dez-backend,0.7.2,runtime,root component,LGPL-3.0-or-later,pkg:npm/rg-dez-backend@0.7.2,workspace/package.json,First-party repository component.
workspace,container,OCI container,node,23-slim (not digest pinned),build,referenced build and runtime software,MIT (Node.js); container includes additional licenses,oci:node:23-slim,workspace/Dockerfile,Base image for both build and production stages; packages inside the image are not expanded.
workspace,library,Debian package,ca-certificates,not pinned,build,referenced build and runtime software,NOASSERTION,component:debian:ca-certificates@not-pinned,workspace/Dockerfile,Explicitly installed in both image stages; transitive Debian packages are not expanded.
workspace,application,npm CLI,corepack,latest (not pinned),build,referenced build software,MIT,pkg:npm/corepack@latest,workspace/Dockerfile,Installed globally without a pinned version to activate the project package manager.
workspace,library,Debian package,g++,not pinned,build,referenced build software,GPL-3.0-or-later WITH GCC-exception-3.1,component:debian:g++@not-pinned,workspace/Dockerfile,Native-module build prerequisite installed only in the build image; transitive Debian packages are not expanded.
workspace,library,Debian package,make,not pinned,build,referenced build software,GPL-3.0-or-later,component:debian:make@not-pinned,workspace/Dockerfile,Native-module build prerequisite installed only in the build image; transitive Debian packages are not expanded.
workspace,library,Debian package,openssl,not pinned,build,referenced build and runtime software,Apache-2.0,component:debian:openssl@not-pinned,workspace/Dockerfile,Explicitly installed in both image stages; transitive Debian packages are not expanded.
workspace,application,npm CLI,pnpm,10.25.0,build,referenced build software,MIT,pkg:npm/pnpm@10.25.0,workspace/package.json and Dockerfile,"Package manager pinned by packageManager and used to install, build, and prune production dependencies."
workspace,library,Debian package,python3,not pinned,build,referenced build software,PSF-2.0,component:debian:python3@not-pinned,workspace/Dockerfile,Native-module build prerequisite installed only in the build image; transitive Debian packages are not expanded.
workspace,library,npm,@better-auth/core,1.4.7,runtime,transitive runtime dependency,NOASSERTION,pkg:npm/%40better-auth/core@1.4.7,workspace/pnpm-lock.yaml and installed package metadata,Generated from pnpm's resolved dependency graph and local package metadata.
workspace,library,npm,@better-auth/telemetry,1.4.7,runtime,transitive runtime dependency,NOASSERTION,pkg:npm/%40better-auth/telemetry@1.4.7,workspace/pnpm-lock.yaml and installed package metadata,Generated from pnpm's resolved dependency graph and local package metadata.
workspace,library,npm,@better-auth/utils,0.3.0,runtime,transitive runtime dependency,MIT,pkg:npm/%40better-auth/utils@0.3.0,workspace/pnpm-lock.yaml and installed package metadata,Generated from pnpm's resolved dependency graph and local package metadata.
workspace,library,npm,@better-fetch/fetch,1.1.21,runtime,transitive runtime dependency,NOASSERTION,pkg:npm/%40better-fetch/fetch@1.1.21,workspace/pnpm-lock.yaml and installed package metadata,Generated from pnpm's resolved dependency graph and local package metadata.
workspace,library,npm,@bull-board/api,6.15.0,runtime,direct runtime dependency,MIT,pkg:npm/%40bull-board/api@6.15.0,workspace/pnpm-lock.yaml and installed package metadata,Generated from pnpm's resolved dependency graph and local package metadata.
workspace,library,npm,@bull-board/api,6.20.6,runtime,transitive runtime dependency,MIT,pkg:npm/%40bull-board/api@6.20.6,workspace/pnpm-lock.yaml and installed package metadata,Generated from pnpm's resolved dependency graph and local package metadata.
workspace,library,npm,@bull-board/fastify,6.15.0,runtime,direct runtime dependency,MIT,pkg:npm/%40bull-board/fastify@6.15.0,workspace/pnpm-lock.yaml and installed package metadata,Generated from pnpm's resolved dependency graph and local package metadata.
workspace,library,npm,@bull-board/fastify,6.20.6,runtime,transitive runtime dependency,MIT,pkg:npm/%40bull-board/fastify@6.20.6,workspace/pnpm-lock.yaml and installed package metadata,Generated from pnpm's resolved dependency graph and local package metadata.
workspace,library,npm,@bull-board/ui,6.20.6,runtime,transitive runtime dependency,MIT,pkg:npm/%40bull-board/ui@6.20.6,workspace/pnpm-lock.yaml and installed package metadata,Generated from pnpm's resolved dependency graph and local package metadata.
workspace,library,npm,@bull-board/ui,6.15.0,runtime,transitive runtime dependency,MIT,pkg:npm/%40bull-board/ui@6.15.0,workspace/pnpm-lock.yaml and installed package metadata,Generated from pnpm's resolved dependency graph and local package metadata.
workspace,library,npm,@chevrotain/cst-dts-gen,11.0.3,runtime,transitive runtime dependency,Apache-2.0,pkg:npm/%40chevrotain/cst-dts-gen@11.0.3,workspace/pnpm-lock.yaml and installed package metadata,Generated from pnpm's resolved dependency graph and local package metadata.
workspace,library,npm,@chevrotain/gast,11.0.3,runtime,transitive runtime dependency,Apache-2.0,pkg:npm/%40chevrotain/gast@11.0.3,workspace/pnpm-lock.yaml and installed package metadata,Generated from pnpm's resolved dependency graph and local package metadata.
workspace,library,npm,@chevrotain/regexp-to-ast,11.0.3,runtime,transitive runtime dependency,Apache-2.0,pkg:npm/%40chevrotain/regexp-to-ast@11.0.3,workspace/pnpm-lock.yaml and installed package metadata,Generated from pnpm's resolved dependency graph and local package metadata.
workspace,library,npm,@chevrotain/types,11.0.3,runtime,transitive runtime dependency,Apache-2.0,pkg:npm/%40chevrotain/types@11.0.3,workspace/pnpm-lock.yaml and installed package metadata,Generated from pnpm's resolved dependency graph and local package metadata.
workspace,library,npm,@chevrotain/utils,11.0.3,runtime,transitive runtime dependency,Apache-2.0,pkg:npm/%40chevrotain/utils@11.0.3,workspace/pnpm-lock.yaml and installed package metadata,Generated from pnpm's resolved dependency graph and local package metadata.
workspace,library,npm,@csi-foxbyte/fastify-toab,0.2.0-rc.4,runtime,direct runtime dependency,LGPL-3.0-or-later,pkg:npm/%40csi-foxbyte/fastify-toab@0.2.0-rc.4,workspace/pnpm-lock.yaml and installed package metadata,Generated from pnpm's resolved dependency graph and local package metadata.
workspace,library,npm,@csi-foxbyte/regensburg_digitalerenergiezwilling_energycalculationcore,0.19.0,runtime,direct runtime dependency,LGPL-3.0-or-later,pkg:npm/%40csi-foxbyte/regensburg_digitalerenergiezwilling_energycalculationcore@0.19.0,workspace/pnpm-lock.yaml and installed package metadata,Generated from pnpm's resolved dependency graph and local package metadata.
workspace,library,npm,@emnapi/core,1.9.0,runtime,transitive runtime dependency,NOASSERTION,pkg:npm/%40emnapi/core@1.9.0,workspace/pnpm-lock.yaml and installed package metadata,Generated from pnpm's resolved dependency graph and local package metadata.
workspace,library,npm,@emnapi/runtime,1.9.0,runtime,transitive runtime dependency,NOASSERTION,pkg:npm/%40emnapi/runtime@1.9.0,workspace/pnpm-lock.yaml and installed package metadata,Generated from pnpm's resolved dependency graph and local package metadata.
workspace,library,npm,@emnapi/wasi-threads,1.2.0,runtime,transitive runtime dependency,NOASSERTION,pkg:npm/%40emnapi/wasi-threads@1.2.0,workspace/pnpm-lock.yaml and installed package metadata,Generated from pnpm's resolved dependency graph and local package metadata.
workspace,library,npm,@esbuild/aix-ppc64,0.27.1,runtime,transitive runtime dependency,NOASSERTION,pkg:npm/%40esbuild/aix-ppc64@0.27.1,workspace/pnpm-lock.yaml and installed package metadata,Generated from pnpm's resolved dependency graph and local package metadata.
workspace,library,npm,@esbuild/android-arm,0.27.1,runtime,transitive runtime dependency,NOASSERTION,pkg:npm/%40esbuild/android-arm@0.27.1,workspace/pnpm-lock.yaml and installed package metadata,Generated from pnpm's resolved dependency graph and local package metadata.
workspace,library,npm,@esbuild/android-arm64,0.27.1,runtime,transitive runtime dependency,NOASSERTION,pkg:npm/%40esbuild/android-arm64@0.27.1,workspace/pnpm-lock.yaml and installed package metadata,Generated from pnpm's resolved dependency graph and local package metadata.
workspace,library,npm,@esbuild/android-x64,0.27.1,runtime,transitive runtime dependency,NOASSERTION,pkg:npm/%40esbuild/android-x64@0.27.1,workspace/pnpm-lock.yaml and installed package metadata,Generated from pnpm's resolved dependency graph and local package metadata.
workspace,library,npm,@esbuild/darwin-arm64,0.27.1,runtime,transitive runtime dependency,NOASSERTION,pkg:npm/%40esbuild/darwin-arm64@0.27.1,workspace/pnpm-lock.yaml and installed package metadata,Generated from pnpm's resolved dependency graph and local package metadata.
workspace,library,npm,@esbuild/darwin-x64,0.27.1,runtime,transitive runtime dependency,NOASSERTION,pkg:npm/%40esbuild/darwin-x64@0.27.1,workspace/pnpm-lock.yaml and installed package metadata,Generated from pnpm's resolved dependency graph and local package metadata.
workspace,library,npm,@esbuild/freebsd-arm64,0.27.1,runtime,transitive runtime dependency,NOASSERTION,pkg:npm/%40esbuild/freebsd-arm64@0.27.1,workspace/pnpm-lock.yaml and installed package metadata,Generated from pnpm's resolved dependency graph and local package metadata.
workspace,library,npm,@esbuild/freebsd-x64,0.27.1,runtime,transitive runtime dependency,NOASSERTION,pkg:npm/%40esbuild/freebsd-x64@0.27.1,workspace/pnpm-lock.yaml and installed package metadata,Generated from pnpm's resolved dependency graph and local package metadata.
workspace,library,npm,@esbuild/linux-arm,0.27.1,runtime,transitive runtime dependency,NOASSERTION,pkg:npm/%40esbuild/linux-arm@0.27.1,workspace/pnpm-lock.yaml and installed package metadata,Generated from pnpm's resolved dependency graph and local package metadata.
workspace,library,npm,@esbuild/linux-arm64,0.27.1,runtime,transitive runtime dependency,NOASSERTION,pkg:npm/%40esbuild/linux-arm64@0.27.1,workspace/pnpm-lock.yaml and installed package metadata,Generated from pnpm's resolved dependency graph and local package metadata.
workspace,library,npm,@esbuild/linux-ia32,0.27.1,runtime,transitive runtime dependency,NOASSERTION,pkg:npm/%40esbuild/linux-ia32@0.27.1,workspace/pnpm-lock.yaml and installed package metadata,Generated from pnpm's resolved dependency graph and local package metadata.
workspace,library,npm,@esbuild/linux-loong64,0.27.1,runtime,transitive runtime dependency,NOASSERTION,pkg:npm/%40esbuild/linux-loong64@0.27.1,workspace/pnpm-lock.yaml and installed package metadata,Generated from pnpm's resolved dependency graph and local package metadata.
workspace,library,npm,@esbuild/linux-mips64el,0.27.1,runtime,transitive runtime dependency,NOASSERTION,pkg:npm/%40esbuild/linux-mips64el@0.27.1,workspace/pnpm-lock.yaml and installed package metadata,Generated from pnpm's resolved dependency graph and local package metadata.
workspace,library,npm,@esbuild/linux-ppc64,0.27.1,runtime,transitive runtime dependency,NOASSERTION,pkg:npm/%40esbuild/linux-ppc64@0.27.1,workspace/pnpm-lock.yaml and installed package metadata,Generated from pnpm's resolved dependency graph and local package metadata.
workspace,library,npm,@esbuild/linux-riscv64,0.27.1,runtime,transitive runtime dependency,NOASSERTION,pkg:npm/%40esbuild/linux-riscv64@0.27.1,workspace/pnpm-lock.yaml and installed package metadata,Generated from pnpm's resolved dependency graph and local package metadata.
workspace,library,npm,@esbuild/linux-s390x,0.27.1,runtime,transitive runtime dependency,NOASSERTION,pkg:npm/%40esbuild/linux-s390x@0.27.1,workspace/pnpm-lock.yaml and installed package metadata,Generated from pnpm's resolved dependency graph and local package metadata.
workspace,library,npm,@esbuild/linux-x64,0.27.1,runtime,transitive runtime dependency,MIT,pkg:npm/%40esbuild/linux-x64@0.27.1,workspace/pnpm-lock.yaml and installed package metadata,Generated from pnpm's resolved dependency graph and local package metadata.
workspace,library,npm,@esbuild/netbsd-arm64,0.27.1,runtime,transitive runtime dependency,NOASSERTION,pkg:npm/%40esbuild/netbsd-arm64@0.27.1,workspace/pnpm-lock.yaml and installed package metadata,Generated from pnpm's resolved dependency graph and local package metadata.
workspace,library,npm,@esbuild/netbsd-x64,0.27.1,runtime,transitive runtime dependency,NOASSERTION,pkg:npm/%40esbuild/netbsd-x64@0.27.1,workspace/pnpm-lock.yaml and installed package metadata,Generated from pnpm's resolved dependency graph and local package metadata.
workspace,library,npm,@esbuild/openbsd-arm64,0.27.1,runtime,transitive runtime dependency,NOASSERTION,pkg:npm/%40esbuild/openbsd-arm64@0.27.1,workspace/pnpm-lock.yaml and installed package metadata,Generated from pnpm's resolved dependency graph and local package metadata.
workspace,library,npm,@esbuild/openbsd-x64,0.27.1,runtime,transitive runtime dependency,NOASSERTION,pkg:npm/%40esbuild/openbsd-x64@0.27.1,workspace/pnpm-lock.yaml and installed package metadata,Generated from pnpm's resolved dependency graph and local package metadata.
workspace,library,npm,@esbuild/openharmony-arm64,0.27.1,runtime,transitive runtime dependency,NOASSERTION,pkg:npm/%40esbuild/openharmony-arm64@0.27.1,workspace/pnpm-lock.yaml and installed package metadata,Generated from pnpm's resolved dependency graph and local package metadata.
workspace,library,npm,@esbuild/sunos-x64,0.27.1,runtime,transitive runtime dependency,NOASSERTION,pkg:npm/%40esbuild/sunos-x64@0.27.1,workspace/pnpm-lock.yaml and installed package metadata,Generated from pnpm's resolved dependency graph and local package metadata.
workspace,library,npm,@esbuild/win32-arm64,0.27.1,runtime,transitive runtime dependency,NOASSERTION,pkg:npm/%40esbuild/win32-arm64@0.27.1,workspace/pnpm-lock.yaml and installed package metadata,Generated from pnpm's resolved dependency graph and local package metadata.
workspace,library,npm,@esbuild/win32-ia32,0.27.1,runtime,transitive runtime dependency,NOASSERTION,pkg:npm/%40esbuild/win32-ia32@0.27.1,workspace/pnpm-lock.yaml and installed package metadata,Generated from pnpm's resolved dependency graph and local package metadata.
workspace,library,npm,@esbuild/win32-x64,0.27.1,runtime,transitive runtime dependency,NOASSERTION,pkg:npm/%40esbuild/win32-x64@0.27.1,workspace/pnpm-lock.yaml and installed package metadata,Generated from pnpm's resolved dependency graph and local package metadata.
workspace,library,npm,@fastify/accept-negotiator,2.0.1,runtime,transitive runtime dependency,MIT,pkg:npm/%40fastify/accept-negotiator@2.0.1,workspace/pnpm-lock.yaml and installed package metadata,Generated from pnpm's resolved dependency graph and local package metadata.
workspace,library,npm,@fastify/ajv-compiler,4.0.5,runtime,transitive runtime dependency,MIT,pkg:npm/%40fastify/ajv-compiler@4.0.5,workspace/pnpm-lock.yaml and installed package metadata,Generated from pnpm's resolved dependency graph and local package metadata.
workspace,library,npm,@fastify/busboy,3.2.0,runtime,transitive runtime dependency,MIT,pkg:npm/%40fastify/busboy@3.2.0,workspace/pnpm-lock.yaml and installed package metadata,Generated from pnpm's resolved dependency graph and local package metadata.
workspace,library,npm,@fastify/cors,11.2.0,runtime,transitive runtime dependency,MIT,pkg:npm/%40fastify/cors@11.2.0,workspace/pnpm-lock.yaml and installed package metadata,Generated from pnpm's resolved dependency graph and local package metadata.
workspace,library,npm,@fastify/deepmerge,3.1.0,runtime,transitive runtime dependency,MIT,pkg:npm/%40fastify/deepmerge@3.1.0,workspace/pnpm-lock.yaml and installed package metadata,Generated from pnpm's resolved dependency graph and local package metadata.
workspace,library,npm,@fastify/error,4.2.0,runtime,transitive runtime dependency,MIT,pkg:npm/%40fastify/error@4.2.0,workspace/pnpm-lock.yaml and installed package metadata,Generated from pnpm's resolved dependency graph and local package metadata.
workspace,library,npm,@fastify/fast-json-stringify-compiler,5.0.3,runtime,transitive runtime dependency,MIT,pkg:npm/%40fastify/fast-json-stringify-compiler@5.0.3,workspace/pnpm-lock.yaml and installed package metadata,Generated from pnpm's resolved dependency graph and local package metadata.
workspace,library,npm,@fastify/forwarded,3.0.1,runtime,transitive runtime dependency,MIT,pkg:npm/%40fastify/forwarded@3.0.1,workspace/pnpm-lock.yaml and installed package metadata,Generated from pnpm's resolved dependency graph and local package metadata.
workspace,library,npm,@fastify/helmet,13.0.2,runtime,transitive runtime dependency,MIT,pkg:npm/%40fastify/helmet@13.0.2,workspace/pnpm-lock.yaml and installed package metadata,Generated from pnpm's resolved dependency graph and local package metadata.
workspace,library,npm,@fastify/http-proxy,11.4.1,runtime,direct runtime dependency,MIT,pkg:npm/%40fastify/http-proxy@11.4.1,workspace/pnpm-lock.yaml and installed package metadata,Generated from pnpm's resolved dependency graph and local package metadata.
workspace,library,npm,@fastify/merge-json-schemas,0.2.1,runtime,transitive runtime dependency,MIT,pkg:npm/%40fastify/merge-json-schemas@0.2.1,workspace/pnpm-lock.yaml and installed package metadata,Generated from pnpm's resolved dependency graph and local package metadata.
workspace,library,npm,@fastify/multipart,9.3.0,runtime,direct runtime dependency,MIT,pkg:npm/%40fastify/multipart@9.3.0,workspace/pnpm-lock.yaml and installed package metadata,Generated from pnpm's resolved dependency graph and local package metadata.
workspace,library,npm,@fastify/multipart,9.4.0,runtime,transitive runtime dependency,MIT,pkg:npm/%40fastify/multipart@9.4.0,workspace/pnpm-lock.yaml and installed package metadata,Generated from pnpm's resolved dependency graph and local package metadata.
workspace,library,npm,@fastify/otel,0.16.0,runtime,direct runtime dependency,MIT,pkg:npm/%40fastify/otel@0.16.0,workspace/pnpm-lock.yaml and installed package metadata,Generated from pnpm's resolved dependency graph and local package metadata.
workspace,library,npm,@fastify/proxy-addr,5.1.0,runtime,transitive runtime dependency,MIT,pkg:npm/%40fastify/proxy-addr@5.1.0,workspace/pnpm-lock.yaml and installed package metadata,Generated from pnpm's resolved dependency graph and local package metadata.
workspace,library,npm,@fastify/rate-limit,10.3.0,runtime,transitive runtime dependency,MIT,pkg:npm/%40fastify/rate-limit@10.3.0,workspace/pnpm-lock.yaml and installed package metadata,Generated from pnpm's resolved dependency graph and local package metadata.
workspace,library,npm,@fastify/reply-from,12.5.0,runtime,transitive runtime dependency,MIT,pkg:npm/%40fastify/reply-from@12.5.0,workspace/pnpm-lock.yaml and installed package metadata,Generated from pnpm's resolved dependency graph and local package metadata.
workspace,library,npm,@fastify/send,4.1.0,runtime,transitive runtime dependency,MIT,pkg:npm/%40fastify/send@4.1.0,workspace/pnpm-lock.yaml and installed package metadata,Generated from pnpm's resolved dependency graph and local package metadata.
workspace,library,npm,@fastify/static,8.3.0,runtime,transitive runtime dependency,MIT,pkg:npm/%40fastify/static@8.3.0,workspace/pnpm-lock.yaml and installed package metadata,Generated from pnpm's resolved dependency graph and local package metadata.
workspace,library,npm,@fastify/static,9.0.0,runtime,transitive runtime dependency,MIT,pkg:npm/%40fastify/static@9.0.0,workspace/pnpm-lock.yaml and installed package metadata,Generated from pnpm's resolved dependency graph and local package metadata.
workspace,library,npm,@fastify/swagger,9.6.1,runtime,direct runtime dependency,MIT,pkg:npm/%40fastify/swagger@9.6.1,workspace/pnpm-lock.yaml and installed package metadata,Generated from pnpm's resolved dependency graph and local package metadata.
workspace,library,npm,@fastify/swagger-ui,5.2.3,runtime,direct runtime dependency,MIT,pkg:npm/%40fastify/swagger-ui@5.2.3,workspace/pnpm-lock.yaml and installed package metadata,Generated from pnpm's resolved dependency graph and local package metadata.
workspace,library,npm,@fastify/under-pressure,9.0.3,runtime,direct runtime dependency,MIT,pkg:npm/%40fastify/under-pressure@9.0.3,workspace/pnpm-lock.yaml and installed package metadata,Generated from pnpm's resolved dependency graph and local package metadata.
workspace,library,npm,@fastify/view,11.1.1,runtime,transitive runtime dependency,MIT,pkg:npm/%40fastify/view@11.1.1,workspace/pnpm-lock.yaml and installed package metadata,Generated from pnpm's resolved dependency graph and local package metadata.
workspace,library,npm,@ioredis/commands,1.4.0,runtime,transitive runtime dependency,MIT,pkg:npm/%40ioredis/commands@1.4.0,workspace/pnpm-lock.yaml and installed package metadata,Generated from pnpm's resolved dependency graph and local package metadata.
workspace,library,npm,@isaacs/balanced-match,4.0.1,runtime,transitive runtime dependency,MIT,pkg:npm/%40isaacs/balanced-match@4.0.1,workspace/pnpm-lock.yaml and installed package metadata,Generated from pnpm's resolved dependency graph and local package metadata.
workspace,library,npm,@isaacs/brace-expansion,5.0.0,runtime,transitive runtime dependency,MIT,pkg:npm/%40isaacs/brace-expansion@5.0.0,workspace/pnpm-lock.yaml and installed package metadata,Generated from pnpm's resolved dependency graph and local package metadata.
workspace,library,npm,@isaacs/cliui,8.0.2,runtime,transitive runtime dependency,ISC,pkg:npm/%40isaacs/cliui@8.0.2,workspace/pnpm-lock.yaml and installed package metadata,Generated from pnpm's resolved dependency graph and local package metadata.
workspace,library,npm,@lukeed/ms,2.0.2,runtime,transitive runtime dependency,MIT,pkg:npm/%40lukeed/ms@2.0.2,workspace/pnpm-lock.yaml and installed package metadata,Generated from pnpm's resolved dependency graph and local package metadata.
workspace,library,npm,@msgpackr-extract/msgpackr-extract-darwin-arm64,3.0.3,runtime,transitive runtime dependency,NOASSERTION,pkg:npm/%40msgpackr-extract/msgpackr-extract-darwin-arm64@3.0.3,workspace/pnpm-lock.yaml and installed package metadata,Generated from pnpm's resolved dependency graph and local package metadata.
workspace,library,npm,@msgpackr-extract/msgpackr-extract-darwin-x64,3.0.3,runtime,transitive runtime dependency,NOASSERTION,pkg:npm/%40msgpackr-extract/msgpackr-extract-darwin-x64@3.0.3,workspace/pnpm-lock.yaml and installed package metadata,Generated from pnpm's resolved dependency graph and local package metadata.
workspace,library,npm,@msgpackr-extract/msgpackr-extract-linux-arm,3.0.3,runtime,transitive runtime dependency,NOASSERTION,pkg:npm/%40msgpackr-extract/msgpackr-extract-linux-arm@3.0.3,workspace/pnpm-lock.yaml and installed package metadata,Generated from pnpm's resolved dependency graph and local package metadata.
workspace,library,npm,@msgpackr-extract/msgpackr-extract-linux-arm64,3.0.3,runtime,transitive runtime dependency,NOASSERTION,pkg:npm/%40msgpackr-extract/msgpackr-extract-linux-arm64@3.0.3,workspace/pnpm-lock.yaml and installed package metadata,Generated from pnpm's resolved dependency graph and local package metadata.
workspace,library,npm,@msgpackr-extract/msgpackr-extract-linux-x64,3.0.3,runtime,transitive runtime dependency,MIT,pkg:npm/%40msgpackr-extract/msgpackr-extract-linux-x64@3.0.3,workspace/pnpm-lock.yaml and installed package metadata,Generated from pnpm's resolved dependency graph and local package metadata.
workspace,library,npm,@msgpackr-extract/msgpackr-extract-win32-x64,3.0.3,runtime,transitive runtime dependency,NOASSERTION,pkg:npm/%40msgpackr-extract/msgpackr-extract-win32-x64@3.0.3,workspace/pnpm-lock.yaml and installed package metadata,Generated from pnpm's resolved dependency graph and local package metadata.
workspace,library,npm,@napi-rs/wasm-runtime,1.1.1,runtime,transitive runtime dependency,NOASSERTION,pkg:npm/%40napi-rs/wasm-runtime@1.1.1,workspace/pnpm-lock.yaml and installed package metadata,Generated from pnpm's resolved dependency graph and local package metadata.
workspace,library,npm,@noble/ciphers,2.1.1,runtime,transitive runtime dependency,MIT,pkg:npm/%40noble/ciphers@2.1.1,workspace/pnpm-lock.yaml and installed package metadata,Generated from pnpm's resolved dependency graph and local package metadata.
workspace,library,npm,@noble/hashes,1.8.0,runtime,transitive runtime dependency,MIT,pkg:npm/%40noble/hashes@1.8.0,workspace/pnpm-lock.yaml and installed package metadata,Generated from pnpm's resolved dependency graph and local package metadata.
workspace,library,npm,@noble/hashes,2.0.1,runtime,transitive runtime dependency,MIT,pkg:npm/%40noble/hashes@2.0.1,workspace/pnpm-lock.yaml and installed package metadata,Generated from pnpm's resolved dependency graph and local package metadata.
workspace,library,npm,@nodelib/fs.scandir,2.1.5,runtime,transitive runtime dependency,MIT,pkg:npm/%40nodelib/fs.scandir@2.1.5,workspace/pnpm-lock.yaml and installed package metadata,Generated from pnpm's resolved dependency graph and local package metadata.
workspace,library,npm,@nodelib/fs.stat,2.0.5,runtime,transitive runtime dependency,MIT,pkg:npm/%40nodelib/fs.stat@2.0.5,workspace/pnpm-lock.yaml and installed package metadata,Generated from pnpm's resolved dependency graph and local package metadata.
workspace,library,npm,@nodelib/fs.walk,1.2.8,runtime,transitive runtime dependency,MIT,pkg:npm/%40nodelib/fs.walk@1.2.8,workspace/pnpm-lock.yaml and installed package metadata,Generated from pnpm's resolved dependency graph and local package metadata.
workspace,library,npm,@opentelemetry/api,1.9.0,runtime,transitive runtime dependency,Apache-2.0,pkg:npm/%40opentelemetry/api@1.9.0,workspace/pnpm-lock.yaml and installed package metadata,Generated from pnpm's resolved dependency graph and local package metadata.
workspace,library,npm,@opentelemetry/api-logs,0.208.0,runtime,transitive runtime dependency,Apache-2.0,pkg:npm/%40opentelemetry/api-logs@0.208.0,workspace/pnpm-lock.yaml and installed package metadata,Generated from pnpm's resolved dependency graph and local package metadata.
workspace,library,npm,@opentelemetry/core,2.2.0,runtime,transitive runtime dependency,Apache-2.0,pkg:npm/%40opentelemetry/core@2.2.0,workspace/pnpm-lock.yaml and installed package metadata,Generated from pnpm's resolved dependency graph and local package metadata.
workspace,library,npm,@opentelemetry/instrumentation,0.208.0,runtime,transitive runtime dependency,Apache-2.0,pkg:npm/%40opentelemetry/instrumentation@0.208.0,workspace/pnpm-lock.yaml and installed package metadata,Generated from pnpm's resolved dependency graph and local package metadata.
workspace,library,npm,@opentelemetry/semantic-conventions,1.38.0,runtime,transitive runtime dependency,Apache-2.0,pkg:npm/%40opentelemetry/semantic-conventions@1.38.0,workspace/pnpm-lock.yaml and installed package metadata,Generated from pnpm's resolved dependency graph and local package metadata.
workspace,library,npm,@oxc-project/types,0.115.0,runtime,transitive runtime dependency,MIT,pkg:npm/%40oxc-project/types@0.115.0,workspace/pnpm-lock.yaml and installed package metadata,Generated from pnpm's resolved dependency graph and local package metadata.
workspace,library,npm,@oxlint/binding-android-arm-eabi,1.79.0,runtime,transitive runtime dependency,NOASSERTION,pkg:npm/%40oxlint/binding-android-arm-eabi@1.79.0,workspace/pnpm-lock.yaml and installed package metadata,Generated from pnpm's resolved dependency graph and local package metadata.
workspace,library,npm,@oxlint/binding-android-arm64,1.79.0,runtime,transitive runtime dependency,NOASSERTION,pkg:npm/%40oxlint/binding-android-arm64@1.79.0,workspace/pnpm-lock.yaml and installed package metadata,Generated from pnpm's resolved dependency graph and local package metadata.
workspace,library,npm,@oxlint/binding-darwin-arm64,1.79.0,runtime,transitive runtime dependency,NOASSERTION,pkg:npm/%40oxlint/binding-darwin-arm64@1.79.0,workspace/pnpm-lock.yaml and installed package metadata,Generated from pnpm's resolved dependency graph and local package metadata.
workspace,library,npm,@oxlint/binding-darwin-x64,1.79.0,runtime,transitive runtime dependency,NOASSERTION,pkg:npm/%40oxlint/binding-darwin-x64@1.79.0,workspace/pnpm-lock.yaml and installed package metadata,Generated from pnpm's resolved dependency graph and local package metadata.
workspace,library,npm,@oxlint/binding-freebsd-x64,1.79.0,runtime,transitive runtime dependency,NOASSERTION,pkg:npm/%40oxlint/binding-freebsd-x64@1.79.0,workspace/pnpm-lock.yaml and installed package metadata,Generated from pnpm's resolved dependency graph and local package metadata.
workspace,library,npm,@oxlint/binding-linux-arm-gnueabihf,1.79.0,runtime,transitive runtime dependency,NOASSERTION,pkg:npm/%40oxlint/binding-linux-arm-gnueabihf@1.79.0,workspace/pnpm-lock.yaml and installed package metadata,Generated from pnpm's resolved dependency graph and local package metadata.
workspace,library,npm,@oxlint/binding-linux-arm-musleabihf,1.79.0,runtime,transitive runtime dependency,NOASSERTION,pkg:npm/%40oxlint/binding-linux-arm-musleabihf@1.79.0,workspace/pnpm-lock.yaml and installed package metadata,Generated from pnpm's resolved dependency graph and local package metadata.
workspace,library,npm,@oxlint/binding-linux-arm64-gnu,1.79.0,runtime,transitive runtime dependency,NOASSERTION,pkg:npm/%40oxlint/binding-linux-arm64-gnu@1.79.0,workspace/pnpm-lock.yaml and installed package metadata,Generated from pnpm's resolved dependency graph and local package metadata.
workspace,library,npm,@oxlint/binding-linux-arm64-musl,1.79.0,runtime,transitive runtime dependency,NOASSERTION,pkg:npm/%40oxlint/binding-linux-arm64-musl@1.79.0,workspace/pnpm-lock.yaml and installed package metadata,Generated from pnpm's resolved dependency graph and local package metadata.
workspace,library,npm,@oxlint/binding-linux-ppc64-gnu,1.79.0,runtime,transitive runtime dependency,NOASSERTION,pkg:npm/%40oxlint/binding-linux-ppc64-gnu@1.79.0,workspace/pnpm-lock.yaml and installed package metadata,Generated from pnpm's resolved dependency graph and local package metadata.
workspace,library,npm,@oxlint/binding-linux-riscv64-gnu,1.79.0,runtime,transitive runtime dependency,NOASSERTION,pkg:npm/%40oxlint/binding-linux-riscv64-gnu@1.79.0,workspace/pnpm-lock.yaml and installed package metadata,Generated from pnpm's resolved dependency graph and local package metadata.
workspace,library,npm,@oxlint/binding-linux-riscv64-musl,1.79.0,runtime,transitive runtime dependency,NOASSERTION,pkg:npm/%40oxlint/binding-linux-riscv64-musl@1.79.0,workspace/pnpm-lock.yaml and installed package metadata,Generated from pnpm's resolved dependency graph and local package metadata.
workspace,library,npm,@oxlint/binding-linux-s390x-gnu,1.79.0,runtime,transitive runtime dependency,NOASSERTION,pkg:npm/%40oxlint/binding-linux-s390x-gnu@1.79.0,workspace/pnpm-lock.yaml and installed package metadata,Generated from pnpm's resolved dependency graph and local package metadata.
workspace,library,npm,@oxlint/binding-linux-x64-gnu,1.79.0,runtime,transitive runtime dependency,MIT,pkg:npm/%40oxlint/binding-linux-x64-gnu@1.79.0,workspace/pnpm-lock.yaml and installed package metadata,Generated from pnpm's resolved dependency graph and local package metadata.
workspace,library,npm,@oxlint/binding-linux-x64-musl,1.79.0,runtime,transitive runtime dependency,MIT,pkg:npm/%40oxlint/binding-linux-x64-musl@1.79.0,workspace/pnpm-lock.yaml and installed package metadata,Generated from pnpm's resolved dependency graph and local package metadata.
workspace,library,npm,@oxlint/binding-openharmony-arm64,1.79.0,runtime,transitive runtime dependency,NOASSERTION,pkg:npm/%40oxlint/binding-openharmony-arm64@1.79.0,workspace/pnpm-lock.yaml and installed package metadata,Generated from pnpm's resolved dependency graph and local package metadata.
workspace,library,npm,@oxlint/binding-win32-arm64-msvc,1.79.0,runtime,transitive runtime dependency,NOASSERTION,pkg:npm/%40oxlint/binding-win32-arm64-msvc@1.79.0,workspace/pnpm-lock.yaml and installed package metadata,Generated from pnpm's resolved dependency graph and local package metadata.
workspace,library,npm,@oxlint/binding-win32-ia32-msvc,1.79.0,runtime,transitive runtime dependency,NOASSERTION,pkg:npm/%40oxlint/binding-win32-ia32-msvc@1.79.0,workspace/pnpm-lock.yaml and installed package metadata,Generated from pnpm's resolved dependency graph and local package metadata.
workspace,library,npm,@oxlint/binding-win32-x64-msvc,1.79.0,runtime,transitive runtime dependency,NOASSERTION,pkg:npm/%40oxlint/binding-win32-x64-msvc@1.79.0,workspace/pnpm-lock.yaml and installed package metadata,Generated from pnpm's resolved dependency graph and local package metadata.
workspace,library,npm,@paralleldrive/cuid2,2.3.1,runtime,transitive runtime dependency,MIT,pkg:npm/%40paralleldrive/cuid2@2.3.1,workspace/pnpm-lock.yaml and installed package metadata,Generated from pnpm's resolved dependency graph and local package metadata.
workspace,library,npm,@pinojs/redact,0.4.0,runtime,transitive runtime dependency,MIT,pkg:npm/%40pinojs/redact@0.4.0,workspace/pnpm-lock.yaml and installed package metadata,Generated from pnpm's resolved dependency graph and local package metadata.
workspace,library,npm,@prisma/config,6.19.2,runtime,transitive runtime dependency,Apache-2.0,pkg:npm/%40prisma/config@6.19.2,workspace/pnpm-lock.yaml and installed package metadata,Generated from pnpm's resolved dependency graph and local package metadata.
workspace,library,npm,@prisma/debug,6.19.2,runtime,transitive runtime dependency,Apache-2.0,pkg:npm/%40prisma/debug@6.19.2,workspace/pnpm-lock.yaml and installed package metadata,Generated from pnpm's resolved dependency graph and local package metadata.
workspace,library,npm,@prisma/engines,6.19.2,runtime,transitive runtime dependency,Apache-2.0,pkg:npm/%40prisma/engines@6.19.2,workspace/pnpm-lock.yaml and installed package metadata,Generated from pnpm's resolved dependency graph and local package metadata.
workspace,library,npm,@prisma/engines-version,7.1.1-3.c2990dca591cba766e3b7ef5d9e8a84796e47ab7,runtime,transitive runtime dependency,Apache-2.0,pkg:npm/%40prisma/engines-version@7.1.1-3.c2990dca591cba766e3b7ef5d9e8a84796e47ab7,workspace/pnpm-lock.yaml and installed package metadata,Generated from pnpm's resolved dependency graph and local package metadata.
workspace,library,npm,@prisma/fetch-engine,6.19.2,runtime,transitive runtime dependency,Apache-2.0,pkg:npm/%40prisma/fetch-engine@6.19.2,workspace/pnpm-lock.yaml and installed package metadata,Generated from pnpm's resolved dependency graph and local package metadata.
workspace,library,npm,@prisma/get-platform,6.19.2,runtime,transitive runtime dependency,Apache-2.0,pkg:npm/%40prisma/get-platform@6.19.2,workspace/pnpm-lock.yaml and installed package metadata,Generated from pnpm's resolved dependency graph and local package metadata.
workspace,library,npm,@rolldown/binding-android-arm64,1.0.0-rc.9,runtime,transitive runtime dependency,NOASSERTION,pkg:npm/%40rolldown/binding-android-arm64@1.0.0-rc.9,workspace/pnpm-lock.yaml and installed package metadata,Generated from pnpm's resolved dependency graph and local package metadata.
workspace,library,npm,@rolldown/binding-darwin-arm64,1.0.0-rc.9,runtime,transitive runtime dependency,NOASSERTION,pkg:npm/%40rolldown/binding-darwin-arm64@1.0.0-rc.9,workspace/pnpm-lock.yaml and installed package metadata,Generated from pnpm's resolved dependency graph and local package metadata.
workspace,library,npm,@rolldown/binding-darwin-x64,1.0.0-rc.9,runtime,transitive runtime dependency,NOASSERTION,pkg:npm/%40rolldown/binding-darwin-x64@1.0.0-rc.9,workspace/pnpm-lock.yaml and installed package metadata,Generated from pnpm's resolved dependency graph and local package metadata.
workspace,library,npm,@rolldown/binding-freebsd-x64,1.0.0-rc.9,runtime,transitive runtime dependency,NOASSERTION,pkg:npm/%40rolldown/binding-freebsd-x64@1.0.0-rc.9,workspace/pnpm-lock.yaml and installed package metadata,Generated from pnpm's resolved dependency graph and local package metadata.
workspace,library,npm,@rolldown/binding-linux-arm-gnueabihf,1.0.0-rc.9,runtime,transitive runtime dependency,NOASSERTION,pkg:npm/%40rolldown/binding-linux-arm-gnueabihf@1.0.0-rc.9,workspace/pnpm-lock.yaml and installed package metadata,Generated from pnpm's resolved dependency graph and local package metadata.
workspace,library,npm,@rolldown/binding-linux-arm64-gnu,1.0.0-rc.9,runtime,transitive runtime dependency,NOASSERTION,pkg:npm/%40rolldown/binding-linux-arm64-gnu@1.0.0-rc.9,workspace/pnpm-lock.yaml and installed package metadata,Generated from pnpm's resolved dependency graph and local package metadata.
workspace,library,npm,@rolldown/binding-linux-arm64-musl,1.0.0-rc.9,runtime,transitive runtime dependency,NOASSERTION,pkg:npm/%40rolldown/binding-linux-arm64-musl@1.0.0-rc.9,workspace/pnpm-lock.yaml and installed package metadata,Generated from pnpm's resolved dependency graph and local package metadata.
workspace,library,npm,@rolldown/binding-linux-ppc64-gnu,1.0.0-rc.9,runtime,transitive runtime dependency,NOASSERTION,pkg:npm/%40rolldown/binding-linux-ppc64-gnu@1.0.0-rc.9,workspace/pnpm-lock.yaml and installed package metadata,Generated from pnpm's resolved dependency graph and local package metadata.
workspace,library,npm,@rolldown/binding-linux-s390x-gnu,1.0.0-rc.9,runtime,transitive runtime dependency,NOASSERTION,pkg:npm/%40rolldown/binding-linux-s390x-gnu@1.0.0-rc.9,workspace/pnpm-lock.yaml and installed package metadata,Generated from pnpm's resolved dependency graph and local package metadata.
workspace,library,npm,@rolldown/binding-linux-x64-gnu,1.0.0-rc.9,runtime,transitive runtime dependency,MIT,pkg:npm/%40rolldown/binding-linux-x64-gnu@1.0.0-rc.9,workspace/pnpm-lock.yaml and installed package metadata,Generated from pnpm's resolved dependency graph and local package metadata.
workspace,library,npm,@rolldown/binding-linux-x64-musl,1.0.0-rc.9,runtime,transitive runtime dependency,MIT,pkg:npm/%40rolldown/binding-linux-x64-musl@1.0.0-rc.9,workspace/pnpm-lock.yaml and installed package metadata,Generated from pnpm's resolved dependency graph and local package metadata.
workspace,library,npm,@rolldown/binding-openharmony-arm64,1.0.0-rc.9,runtime,transitive runtime dependency,NOASSERTION,pkg:npm/%40rolldown/binding-openharmony-arm64@1.0.0-rc.9,workspace/pnpm-lock.yaml and installed package metadata,Generated from pnpm's resolved dependency graph and local package metadata.
workspace,library,npm,@rolldown/binding-wasm32-wasi,1.0.0-rc.9,runtime,transitive runtime dependency,NOASSERTION,pkg:npm/%40rolldown/binding-wasm32-wasi@1.0.0-rc.9,workspace/pnpm-lock.yaml and installed package metadata,Generated from pnpm's resolved dependency graph and local package metadata.
workspace,library,npm,@rolldown/binding-win32-arm64-msvc,1.0.0-rc.9,runtime,transitive runtime dependency,NOASSERTION,pkg:npm/%40rolldown/binding-win32-arm64-msvc@1.0.0-rc.9,workspace/pnpm-lock.yaml and installed package metadata,Generated from pnpm's resolved dependency graph and local package metadata.
workspace,library,npm,@rolldown/binding-win32-x64-msvc,1.0.0-rc.9,runtime,transitive runtime dependency,NOASSERTION,pkg:npm/%40rolldown/binding-win32-x64-msvc@1.0.0-rc.9,workspace/pnpm-lock.yaml and installed package metadata,Generated from pnpm's resolved dependency graph and local package metadata.
workspace,library,npm,@rolldown/pluginutils,1.0.0-rc.9,runtime,transitive runtime dependency,MIT,pkg:npm/%40rolldown/pluginutils@1.0.0-rc.9,workspace/pnpm-lock.yaml and installed package metadata,Generated from pnpm's resolved dependency graph and local package metadata.
workspace,library,npm,@sec-ant/readable-stream,0.4.1,runtime,transitive runtime dependency,MIT,pkg:npm/%40sec-ant/readable-stream@0.4.1,workspace/pnpm-lock.yaml and installed package metadata,Generated from pnpm's resolved dependency graph and local package metadata.
workspace,library,npm,@sinclair/typebox,0.34.41,runtime,direct runtime dependency,MIT,pkg:npm/%40sinclair/typebox@0.34.41,workspace/pnpm-lock.yaml and installed package metadata,Generated from pnpm's resolved dependency graph and local package metadata.
workspace,library,npm,@sindresorhus/merge-streams,4.0.0,runtime,transitive runtime dependency,MIT,pkg:npm/%40sindresorhus/merge-streams@4.0.0,workspace/pnpm-lock.yaml and installed package metadata,Generated from pnpm's resolved dependency graph and local package metadata.
workspace,library,npm,@standard-schema/spec,1.0.0,runtime,transitive runtime dependency,MIT,pkg:npm/%40standard-schema/spec@1.0.0,workspace/pnpm-lock.yaml and installed package metadata,Generated from pnpm's resolved dependency graph and local package metadata.
workspace,library,npm,@tybys/wasm-util,0.10.1,runtime,transitive runtime dependency,NOASSERTION,pkg:npm/%40tybys/wasm-util@0.10.1,workspace/pnpm-lock.yaml and installed package metadata,Generated from pnpm's resolved dependency graph and local package metadata.
workspace,library,npm,@types/jsonwebtoken,9.0.10,runtime,direct runtime dependency,MIT,pkg:npm/%40types/jsonwebtoken@9.0.10,workspace/pnpm-lock.yaml and installed package metadata,Generated from pnpm's resolved dependency graph and local package metadata.
workspace,library,npm,@types/ms,2.1.0,runtime,transitive runtime dependency,MIT,pkg:npm/%40types/ms@2.1.0,workspace/pnpm-lock.yaml and installed package metadata,Generated from pnpm's resolved dependency graph and local package metadata.
workspace,library,npm,@types/node,25.0.2,runtime,transitive runtime dependency,MIT,pkg:npm/%40types/node@25.0.2,workspace/pnpm-lock.yaml and installed package metadata,Generated from pnpm's resolved dependency graph and local package metadata.
workspace,library,npm,@types/pg,8.16.0,runtime,direct runtime dependency,MIT,pkg:npm/%40types/pg@8.16.0,workspace/pnpm-lock.yaml and installed package metadata,Generated from pnpm's resolved dependency graph and local package metadata.
workspace,library,npm,@types/pino,7.0.5,runtime,direct runtime dependency,MIT,pkg:npm/%40types/pino@7.0.5,workspace/pnpm-lock.yaml and installed package metadata,Generated from pnpm's resolved dependency graph and local package metadata.
workspace,library,npm,@zenstackhq/cli,3.3.3,runtime,direct runtime dependency,MIT,pkg:npm/%40zenstackhq/cli@3.3.3,workspace/pnpm-lock.yaml and installed package metadata,Generated from pnpm's resolved dependency graph and local package metadata.
workspace,library,npm,@zenstackhq/common-helpers,3.3.3,runtime,transitive runtime dependency,MIT,pkg:npm/%40zenstackhq/common-helpers@3.3.3,workspace/pnpm-lock.yaml and installed package metadata,Generated from pnpm's resolved dependency graph and local package metadata.
workspace,library,npm,@zenstackhq/language,3.3.3,runtime,transitive runtime dependency,MIT,pkg:npm/%40zenstackhq/language@3.3.3,workspace/pnpm-lock.yaml and installed package metadata,Generated from pnpm's resolved dependency graph and local package metadata.
workspace,library,npm,@zenstackhq/orm,3.3.3,runtime,direct runtime dependency,MIT,pkg:npm/%40zenstackhq/orm@3.3.3,workspace/pnpm-lock.yaml and installed package metadata,Generated from pnpm's resolved dependency graph and local package metadata.
workspace,library,npm,@zenstackhq/schema,3.3.3,runtime,transitive runtime dependency,MIT,pkg:npm/%40zenstackhq/schema@3.3.3,workspace/pnpm-lock.yaml and installed package metadata,Generated from pnpm's resolved dependency graph and local package metadata.
workspace,library,npm,@zenstackhq/sdk,3.3.3,runtime,transitive runtime dependency,MIT,pkg:npm/%40zenstackhq/sdk@3.3.3,workspace/pnpm-lock.yaml and installed package metadata,Generated from pnpm's resolved dependency graph and local package metadata.
workspace,library,npm,@zenstackhq/server,3.3.3,runtime,transitive runtime dependency,MIT,pkg:npm/%40zenstackhq/server@3.3.3,workspace/pnpm-lock.yaml and installed package metadata,Generated from pnpm's resolved dependency graph and local package metadata.
workspace,library,npm,abstract-logging,2.0.1,runtime,transitive runtime dependency,MIT,pkg:npm/abstract-logging@2.0.1,workspace/pnpm-lock.yaml and installed package metadata,Generated from pnpm's resolved dependency graph and local package metadata.
workspace,library,npm,accepts,2.0.0,runtime,transitive runtime dependency,MIT,pkg:npm/accepts@2.0.0,workspace/pnpm-lock.yaml and installed package metadata,Generated from pnpm's resolved dependency graph and local package metadata.
workspace,library,npm,acorn,8.15.0,runtime,transitive runtime dependency,MIT,pkg:npm/acorn@8.15.0,workspace/pnpm-lock.yaml and installed package metadata,Generated from pnpm's resolved dependency graph and local package metadata.
workspace,library,npm,acorn-import-attributes,1.9.5,runtime,transitive runtime dependency,MIT,pkg:npm/acorn-import-attributes@1.9.5,workspace/pnpm-lock.yaml and installed package metadata,Generated from pnpm's resolved dependency graph and local package metadata.
workspace,library,npm,agent-base,6.0.2,runtime,transitive runtime dependency,MIT,pkg:npm/agent-base@6.0.2,workspace/pnpm-lock.yaml and installed package metadata,Generated from pnpm's resolved dependency graph and local package metadata.
workspace,library,npm,ajv,8.17.1,runtime,transitive runtime dependency,MIT,pkg:npm/ajv@8.17.1,workspace/pnpm-lock.yaml and installed package metadata,Generated from pnpm's resolved dependency graph and local package metadata.
workspace,library,npm,ajv-formats,3.0.1,runtime,transitive runtime dependency,MIT,pkg:npm/ajv-formats@3.0.1,workspace/pnpm-lock.yaml and installed package metadata,Generated from pnpm's resolved dependency graph and local package metadata.
workspace,library,npm,ansi-regex,6.2.2,runtime,transitive runtime dependency,MIT,pkg:npm/ansi-regex@6.2.2,workspace/pnpm-lock.yaml and installed package metadata,Generated from pnpm's resolved dependency graph and local package metadata.
workspace,library,npm,ansi-regex,5.0.1,runtime,transitive runtime dependency,MIT,pkg:npm/ansi-regex@5.0.1,workspace/pnpm-lock.yaml and installed package metadata,Generated from pnpm's resolved dependency graph and local package metadata.
workspace,library,npm,ansi-styles,4.3.0,runtime,transitive runtime dependency,MIT,pkg:npm/ansi-styles@4.3.0,workspace/pnpm-lock.yaml and installed package metadata,Generated from pnpm's resolved dependency graph and local package metadata.
workspace,library,npm,ansi-styles,6.2.3,runtime,transitive runtime dependency,MIT,pkg:npm/ansi-styles@6.2.3,workspace/pnpm-lock.yaml and installed package metadata,Generated from pnpm's resolved dependency graph and local package metadata.
workspace,library,npm,anymatch,3.1.3,runtime,transitive runtime dependency,ISC,pkg:npm/anymatch@3.1.3,workspace/pnpm-lock.yaml and installed package metadata,Generated from pnpm's resolved dependency graph and local package metadata.
workspace,library,npm,array-union,2.1.0,runtime,transitive runtime dependency,MIT,pkg:npm/array-union@2.1.0,workspace/pnpm-lock.yaml and installed package metadata,Generated from pnpm's resolved dependency graph and local package metadata.
workspace,library,npm,async,3.2.6,runtime,transitive runtime dependency,MIT,pkg:npm/async@3.2.6,workspace/pnpm-lock.yaml and installed package metadata,Generated from pnpm's resolved dependency graph and local package metadata.
workspace,library,npm,atomic-sleep,1.0.0,runtime,transitive runtime dependency,MIT,pkg:npm/atomic-sleep@1.0.0,workspace/pnpm-lock.yaml and installed package metadata,Generated from pnpm's resolved dependency graph and local package metadata.
workspace,library,npm,avvio,9.1.0,runtime,transitive runtime dependency,MIT,pkg:npm/avvio@9.1.0,workspace/pnpm-lock.yaml and installed package metadata,Generated from pnpm's resolved dependency graph and local package metadata.
workspace,library,npm,aws-ssl-profiles,1.1.2,runtime,transitive runtime dependency,MIT,pkg:npm/aws-ssl-profiles@1.1.2,workspace/pnpm-lock.yaml and installed package metadata,Generated from pnpm's resolved dependency graph and local package metadata.
workspace,library,npm,balanced-match,1.0.2,runtime,transitive runtime dependency,MIT,pkg:npm/balanced-match@1.0.2,workspace/pnpm-lock.yaml and installed package metadata,Generated from pnpm's resolved dependency graph and local package metadata.
workspace,library,npm,balanced-match,4.0.4,runtime,transitive runtime dependency,MIT,pkg:npm/balanced-match@4.0.4,workspace/pnpm-lock.yaml and installed package metadata,Generated from pnpm's resolved dependency graph and local package metadata.
workspace,library,npm,base64-js,1.5.1,runtime,transitive runtime dependency,MIT,pkg:npm/base64-js@1.5.1,workspace/pnpm-lock.yaml and installed package metadata,Generated from pnpm's resolved dependency graph and local package metadata.
workspace,library,npm,better-auth,1.4.7,runtime,direct runtime dependency,MIT,pkg:npm/better-auth@1.4.7,workspace/pnpm-lock.yaml and installed package metadata,Generated from pnpm's resolved dependency graph and local package metadata.
workspace,library,npm,better-call,1.1.5,runtime,transitive runtime dependency,MIT,pkg:npm/better-call@1.1.5,workspace/pnpm-lock.yaml and installed package metadata,Generated from pnpm's resolved dependency graph and local package metadata.
workspace,library,npm,better-sqlite3,12.6.2,runtime,transitive runtime dependency,MIT,pkg:npm/better-sqlite3@12.6.2,workspace/pnpm-lock.yaml and installed package metadata,Generated from pnpm's resolved dependency graph and local package metadata.
workspace,library,npm,binary-extensions,2.3.0,runtime,transitive runtime dependency,MIT,pkg:npm/binary-extensions@2.3.0,workspace/pnpm-lock.yaml and installed package metadata,Generated from pnpm's resolved dependency graph and local package metadata.
workspace,library,npm,bindings,1.5.0,runtime,transitive runtime dependency,MIT,pkg:npm/bindings@1.5.0,workspace/pnpm-lock.yaml and installed package metadata,Generated from pnpm's resolved dependency graph and local package metadata.
workspace,library,npm,bl,4.1.0,runtime,transitive runtime dependency,MIT,pkg:npm/bl@4.1.0,workspace/pnpm-lock.yaml and installed package metadata,Generated from pnpm's resolved dependency graph and local package metadata.
workspace,library,npm,body-parser,2.2.2,runtime,transitive runtime dependency,MIT,pkg:npm/body-parser@2.2.2,workspace/pnpm-lock.yaml and installed package metadata,Generated from pnpm's resolved dependency graph and local package metadata.
workspace,library,npm,brace-expansion,2.0.2,runtime,transitive runtime dependency,MIT,pkg:npm/brace-expansion@2.0.2,workspace/pnpm-lock.yaml and installed package metadata,Generated from pnpm's resolved dependency graph and local package metadata.
workspace,library,npm,brace-expansion,5.0.4,runtime,transitive runtime dependency,MIT,pkg:npm/brace-expansion@5.0.4,workspace/pnpm-lock.yaml and installed package metadata,Generated from pnpm's resolved dependency graph and local package metadata.
workspace,library,npm,braces,3.0.3,runtime,transitive runtime dependency,MIT,pkg:npm/braces@3.0.3,workspace/pnpm-lock.yaml and installed package metadata,Generated from pnpm's resolved dependency graph and local package metadata.
workspace,library,npm,buffer,5.7.1,runtime,transitive runtime dependency,MIT,pkg:npm/buffer@5.7.1,workspace/pnpm-lock.yaml and installed package metadata,Generated from pnpm's resolved dependency graph and local package metadata.
workspace,library,npm,buffer-equal-constant-time,1.0.1,runtime,transitive runtime dependency,BSD-3-Clause,pkg:npm/buffer-equal-constant-time@1.0.1,workspace/pnpm-lock.yaml and installed package metadata,Generated from pnpm's resolved dependency graph and local package metadata.
workspace,library,npm,bullmq,5.66.0,runtime,direct runtime dependency,MIT,pkg:npm/bullmq@5.66.0,workspace/pnpm-lock.yaml and installed package metadata,Generated from pnpm's resolved dependency graph and local package metadata.
workspace,library,npm,bytes,3.1.2,runtime,transitive runtime dependency,MIT,pkg:npm/bytes@3.1.2,workspace/pnpm-lock.yaml and installed package metadata,Generated from pnpm's resolved dependency graph and local package metadata.
workspace,library,npm,c12,3.1.0,runtime,transitive runtime dependency,MIT,pkg:npm/c12@3.1.0,workspace/pnpm-lock.yaml and installed package metadata,Generated from pnpm's resolved dependency graph and local package metadata.
workspace,library,npm,call-bind,1.0.8,runtime,transitive runtime dependency,MIT,pkg:npm/call-bind@1.0.8,workspace/pnpm-lock.yaml and installed package metadata,Generated from pnpm's resolved dependency graph and local package metadata.
workspace,library,npm,call-bind-apply-helpers,1.0.2,runtime,transitive runtime dependency,MIT,pkg:npm/call-bind-apply-helpers@1.0.2,workspace/pnpm-lock.yaml and installed package metadata,Generated from pnpm's resolved dependency graph and local package metadata.
workspace,library,npm,call-bound,1.0.4,runtime,transitive runtime dependency,MIT,pkg:npm/call-bound@1.0.4,workspace/pnpm-lock.yaml and installed package metadata,Generated from pnpm's resolved dependency graph and local package metadata.
workspace,library,npm,chalk,4.1.2,runtime,transitive runtime dependency,MIT,pkg:npm/chalk@4.1.2,workspace/pnpm-lock.yaml and installed package metadata,Generated from pnpm's resolved dependency graph and local package metadata.
workspace,library,npm,chevrotain,11.0.3,runtime,transitive runtime dependency,Apache-2.0,pkg:npm/chevrotain@11.0.3,workspace/pnpm-lock.yaml and installed package metadata,Generated from pnpm's resolved dependency graph and local package metadata.
workspace,library,npm,chevrotain-allstar,0.3.1,runtime,transitive runtime dependency,MIT,pkg:npm/chevrotain-allstar@0.3.1,workspace/pnpm-lock.yaml and installed package metadata,Generated from pnpm's resolved dependency graph and local package metadata.
workspace,library,npm,chokidar,5.0.0,runtime,direct runtime dependency,MIT,pkg:npm/chokidar@5.0.0,workspace/pnpm-lock.yaml and installed package metadata,Generated from pnpm's resolved dependency graph and local package metadata.
workspace,library,npm,chokidar,3.6.0,runtime,transitive runtime dependency,MIT,pkg:npm/chokidar@3.6.0,workspace/pnpm-lock.yaml and installed package metadata,Generated from pnpm's resolved dependency graph and local package metadata.
workspace,library,npm,chokidar,4.0.3,runtime,transitive runtime dependency,MIT,pkg:npm/chokidar@4.0.3,workspace/pnpm-lock.yaml and installed package metadata,Generated from pnpm's resolved dependency graph and local package metadata.
workspace,library,npm,chownr,1.1.4,runtime,transitive runtime dependency,ISC,pkg:npm/chownr@1.1.4,workspace/pnpm-lock.yaml and installed package metadata,Generated from pnpm's resolved dependency graph and local package metadata.
workspace,library,npm,citty,0.1.6,runtime,transitive runtime dependency,MIT,pkg:npm/citty@0.1.6,workspace/pnpm-lock.yaml and installed package metadata,Generated from pnpm's resolved dependency graph and local package metadata.
workspace,library,npm,citty,0.2.1,runtime,transitive runtime dependency,MIT,pkg:npm/citty@0.2.1,workspace/pnpm-lock.yaml and installed package metadata,Generated from pnpm's resolved dependency graph and local package metadata.
workspace,library,npm,cjs-module-lexer,1.4.3,runtime,transitive runtime dependency,MIT,pkg:npm/cjs-module-lexer@1.4.3,workspace/pnpm-lock.yaml and installed package metadata,Generated from pnpm's resolved dependency graph and local package metadata.
workspace,library,npm,cli-cursor,3.1.0,runtime,transitive runtime dependency,MIT,pkg:npm/cli-cursor@3.1.0,workspace/pnpm-lock.yaml and installed package metadata,Generated from pnpm's resolved dependency graph and local package metadata.
workspace,library,npm,cli-spinners,2.9.2,runtime,transitive runtime dependency,MIT,pkg:npm/cli-spinners@2.9.2,workspace/pnpm-lock.yaml and installed package metadata,Generated from pnpm's resolved dependency graph and local package metadata.
workspace,library,npm,clone,1.0.4,runtime,transitive runtime dependency,MIT,pkg:npm/clone@1.0.4,workspace/pnpm-lock.yaml and installed package metadata,Generated from pnpm's resolved dependency graph and local package metadata.
workspace,library,npm,cluster-key-slot,1.1.2,runtime,transitive runtime dependency,Apache-2.0,pkg:npm/cluster-key-slot@1.1.2,workspace/pnpm-lock.yaml and installed package metadata,Generated from pnpm's resolved dependency graph and local package metadata.
workspace,library,npm,color-convert,2.0.1,runtime,transitive runtime dependency,MIT,pkg:npm/color-convert@2.0.1,workspace/pnpm-lock.yaml and installed package metadata,Generated from pnpm's resolved dependency graph and local package metadata.
workspace,library,npm,color-name,1.1.4,runtime,transitive runtime dependency,MIT,pkg:npm/color-name@1.1.4,workspace/pnpm-lock.yaml and installed package metadata,Generated from pnpm's resolved dependency graph and local package metadata.
workspace,library,npm,colorette,2.0.20,runtime,transitive runtime dependency,MIT,pkg:npm/colorette@2.0.20,workspace/pnpm-lock.yaml and installed package metadata,Generated from pnpm's resolved dependency graph and local package metadata.
workspace,library,npm,colors,1.4.0,runtime,transitive runtime dependency,MIT,pkg:npm/colors@1.4.0,workspace/pnpm-lock.yaml and installed package metadata,Generated from pnpm's resolved dependency graph and local package metadata.
workspace,library,npm,commander,8.3.0,runtime,transitive runtime dependency,MIT,pkg:npm/commander@8.3.0,workspace/pnpm-lock.yaml and installed package metadata,Generated from pnpm's resolved dependency graph and local package metadata.
workspace,library,npm,confbox,0.2.4,runtime,transitive runtime dependency,MIT,pkg:npm/confbox@0.2.4,workspace/pnpm-lock.yaml and installed package metadata,Generated from pnpm's resolved dependency graph and local package metadata.
workspace,library,npm,consola,3.4.2,runtime,transitive runtime dependency,MIT,pkg:npm/consola@3.4.2,workspace/pnpm-lock.yaml and installed package metadata,Generated from pnpm's resolved dependency graph and local package metadata.
workspace,library,npm,content-disposition,0.5.4,runtime,transitive runtime dependency,MIT,pkg:npm/content-disposition@0.5.4,workspace/pnpm-lock.yaml and installed package metadata,Generated from pnpm's resolved dependency graph and local package metadata.
workspace,library,npm,content-disposition,1.0.1,runtime,transitive runtime dependency,MIT,pkg:npm/content-disposition@1.0.1,workspace/pnpm-lock.yaml and installed package metadata,Generated from pnpm's resolved dependency graph and local package metadata.
workspace,library,npm,content-type,1.0.5,runtime,transitive runtime dependency,MIT,pkg:npm/content-type@1.0.5,workspace/pnpm-lock.yaml and installed package metadata,Generated from pnpm's resolved dependency graph and local package metadata.
workspace,library,npm,cookie,1.1.1,runtime,transitive runtime dependency,MIT,pkg:npm/cookie@1.1.1,workspace/pnpm-lock.yaml and installed package metadata,Generated from pnpm's resolved dependency graph and local package metadata.
workspace,library,npm,cookie,0.7.2,runtime,transitive runtime dependency,MIT,pkg:npm/cookie@0.7.2,workspace/pnpm-lock.yaml and installed package metadata,Generated from pnpm's resolved dependency graph and local package metadata.
workspace,library,npm,cookie-signature,1.2.2,runtime,transitive runtime dependency,MIT,pkg:npm/cookie-signature@1.2.2,workspace/pnpm-lock.yaml and installed package metadata,Generated from pnpm's resolved dependency graph and local package metadata.
workspace,library,npm,copy-anything,4.0.5,runtime,transitive runtime dependency,MIT,pkg:npm/copy-anything@4.0.5,workspace/pnpm-lock.yaml and installed package metadata,Generated from pnpm's resolved dependency graph and local package metadata.
workspace,library,npm,cors,2.8.6,runtime,transitive runtime dependency,MIT,pkg:npm/cors@2.8.6,workspace/pnpm-lock.yaml and installed package metadata,Generated from pnpm's resolved dependency graph and local package metadata.
workspace,library,npm,cron-parser,4.9.0,runtime,transitive runtime dependency,MIT,pkg:npm/cron-parser@4.9.0,workspace/pnpm-lock.yaml and installed package metadata,Generated from pnpm's resolved dependency graph and local package metadata.
workspace,library,npm,cross-spawn,7.0.6,runtime,transitive runtime dependency,MIT,pkg:npm/cross-spawn@7.0.6,workspace/pnpm-lock.yaml and installed package metadata,Generated from pnpm's resolved dependency graph and local package metadata.
workspace,library,npm,cuid,3.0.0,runtime,transitive runtime dependency,MIT,pkg:npm/cuid@3.0.0,workspace/pnpm-lock.yaml and installed package metadata,Generated from pnpm's resolved dependency graph and local package metadata.
workspace,library,npm,dateformat,4.6.3,runtime,transitive runtime dependency,MIT,pkg:npm/dateformat@4.6.3,workspace/pnpm-lock.yaml and installed package metadata,Generated from pnpm's resolved dependency graph and local package metadata.
workspace,library,npm,debug,4.4.3,runtime,transitive runtime dependency,MIT,pkg:npm/debug@4.4.3,workspace/pnpm-lock.yaml and installed package metadata,Generated from pnpm's resolved dependency graph and local package metadata.
workspace,library,npm,decimal.js,10.6.0,runtime,transitive runtime dependency,MIT,pkg:npm/decimal.js@10.6.0,workspace/pnpm-lock.yaml and installed package metadata,Generated from pnpm's resolved dependency graph and local package metadata.
workspace,library,npm,decompress-response,6.0.0,runtime,transitive runtime dependency,MIT,pkg:npm/decompress-response@6.0.0,workspace/pnpm-lock.yaml and installed package metadata,Generated from pnpm's resolved dependency graph and local package metadata.
workspace,library,npm,deep-extend,0.6.0,runtime,transitive runtime dependency,MIT,pkg:npm/deep-extend@0.6.0,workspace/pnpm-lock.yaml and installed package metadata,Generated from pnpm's resolved dependency graph and local package metadata.
workspace,library,npm,deepmerge-ts,7.1.5,runtime,transitive runtime dependency,BSD-3-Clause,pkg:npm/deepmerge-ts@7.1.5,workspace/pnpm-lock.yaml and installed package metadata,Generated from pnpm's resolved dependency graph and local package metadata.
workspace,library,npm,defaults,1.0.4,runtime,transitive runtime dependency,MIT,pkg:npm/defaults@1.0.4,workspace/pnpm-lock.yaml and installed package metadata,Generated from pnpm's resolved dependency graph and local package metadata.
workspace,library,npm,define-data-property,1.1.4,runtime,transitive runtime dependency,MIT,pkg:npm/define-data-property@1.1.4,workspace/pnpm-lock.yaml and installed package metadata,Generated from pnpm's resolved dependency graph and local package metadata.
workspace,library,npm,defu,6.1.4,runtime,transitive runtime dependency,MIT,pkg:npm/defu@6.1.4,workspace/pnpm-lock.yaml and installed package metadata,Generated from pnpm's resolved dependency graph and local package metadata.
workspace,library,npm,denque,2.1.0,runtime,transitive runtime dependency,Apache-2.0,pkg:npm/denque@2.1.0,workspace/pnpm-lock.yaml and installed package metadata,Generated from pnpm's resolved dependency graph and local package metadata.
workspace,library,npm,depd,2.0.0,runtime,transitive runtime dependency,MIT,pkg:npm/depd@2.0.0,workspace/pnpm-lock.yaml and installed package metadata,Generated from pnpm's resolved dependency graph and local package metadata.
workspace,library,npm,dequal,2.0.3,runtime,transitive runtime dependency,MIT,pkg:npm/dequal@2.0.3,workspace/pnpm-lock.yaml and installed package metadata,Generated from pnpm's resolved dependency graph and local package metadata.
workspace,library,npm,destr,2.0.5,runtime,transitive runtime dependency,MIT,pkg:npm/destr@2.0.5,workspace/pnpm-lock.yaml and installed package metadata,Generated from pnpm's resolved dependency graph and local package metadata.
workspace,library,npm,detect-libc,2.1.2,runtime,transitive runtime dependency,Apache-2.0,pkg:npm/detect-libc@2.1.2,workspace/pnpm-lock.yaml and installed package metadata,Generated from pnpm's resolved dependency graph and local package metadata.
workspace,library,npm,dir-glob,3.0.1,runtime,transitive runtime dependency,MIT,pkg:npm/dir-glob@3.0.1,workspace/pnpm-lock.yaml and installed package metadata,Generated from pnpm's resolved dependency graph and local package metadata.
workspace,library,npm,dotenv,17.2.3,runtime,direct runtime dependency,BSD-2-Clause,pkg:npm/dotenv@17.2.3,workspace/pnpm-lock.yaml and installed package metadata,Generated from pnpm's resolved dependency graph and local package metadata.
workspace,library,npm,dotenv,16.6.1,runtime,transitive runtime dependency,BSD-2-Clause,pkg:npm/dotenv@16.6.1,workspace/pnpm-lock.yaml and installed package metadata,Generated from pnpm's resolved dependency graph and local package metadata.
workspace,library,npm,dunder-proto,1.0.1,runtime,transitive runtime dependency,MIT,pkg:npm/dunder-proto@1.0.1,workspace/pnpm-lock.yaml and installed package metadata,Generated from pnpm's resolved dependency graph and local package metadata.
workspace,library,npm,eastasianwidth,0.2.0,runtime,transitive runtime dependency,MIT,pkg:npm/eastasianwidth@0.2.0,workspace/pnpm-lock.yaml and installed package metadata,Generated from pnpm's resolved dependency graph and local package metadata.
workspace,library,npm,ecdsa-sig-formatter,1.0.11,runtime,transitive runtime dependency,Apache-2.0,pkg:npm/ecdsa-sig-formatter@1.0.11,workspace/pnpm-lock.yaml and installed package metadata,Generated from pnpm's resolved dependency graph and local package metadata.
workspace,library,npm,ee-first,1.1.1,runtime,transitive runtime dependency,MIT,pkg:npm/ee-first@1.1.1,workspace/pnpm-lock.yaml and installed package metadata,Generated from pnpm's resolved dependency graph and local package metadata.
workspace,library,npm,effect,3.18.4,runtime,transitive runtime dependency,MIT,pkg:npm/effect@3.18.4,workspace/pnpm-lock.yaml and installed package metadata,Generated from pnpm's resolved dependency graph and local package metadata.
workspace,library,npm,ejs,3.1.10,runtime,transitive runtime dependency,Apache-2.0,pkg:npm/ejs@3.1.10,workspace/pnpm-lock.yaml and installed package metadata,Generated from pnpm's resolved dependency graph and local package metadata.
workspace,library,npm,emoji-regex,9.2.2,runtime,transitive runtime dependency,MIT,pkg:npm/emoji-regex@9.2.2,workspace/pnpm-lock.yaml and installed package metadata,Generated from pnpm's resolved dependency graph and local package metadata.
workspace,library,npm,emoji-regex,8.0.0,runtime,transitive runtime dependency,MIT,pkg:npm/emoji-regex@8.0.0,workspace/pnpm-lock.yaml and installed package metadata,Generated from pnpm's resolved dependency graph and local package metadata.
workspace,library,npm,empathic,2.0.0,runtime,transitive runtime dependency,MIT,pkg:npm/empathic@2.0.0,workspace/pnpm-lock.yaml and installed package metadata,Generated from pnpm's resolved dependency graph and local package metadata.
workspace,library,npm,encodeurl,2.0.0,runtime,transitive runtime dependency,MIT,pkg:npm/encodeurl@2.0.0,workspace/pnpm-lock.yaml and installed package metadata,Generated from pnpm's resolved dependency graph and local package metadata.
workspace,library,npm,end-of-stream,1.4.5,runtime,transitive runtime dependency,MIT,pkg:npm/end-of-stream@1.4.5,workspace/pnpm-lock.yaml and installed package metadata,Generated from pnpm's resolved dependency graph and local package metadata.
workspace,library,npm,es-define-property,1.0.1,runtime,transitive runtime dependency,MIT,pkg:npm/es-define-property@1.0.1,workspace/pnpm-lock.yaml and installed package metadata,Generated from pnpm's resolved dependency graph and local package metadata.
workspace,library,npm,es-errors,1.3.0,runtime,transitive runtime dependency,MIT,pkg:npm/es-errors@1.3.0,workspace/pnpm-lock.yaml and installed package metadata,Generated from pnpm's resolved dependency graph and local package metadata.
workspace,library,npm,es-object-atoms,1.1.1,runtime,transitive runtime dependency,MIT,pkg:npm/es-object-atoms@1.1.1,workspace/pnpm-lock.yaml and installed package metadata,Generated from pnpm's resolved dependency graph and local package metadata.
workspace,library,npm,esbuild,0.27.1,runtime,direct runtime dependency,MIT,pkg:npm/esbuild@0.27.1,workspace/pnpm-lock.yaml and installed package metadata,Generated from pnpm's resolved dependency graph and local package metadata.
workspace,library,npm,esbuild-plugin-copy,2.1.1,runtime,direct runtime dependency,MIT,pkg:npm/esbuild-plugin-copy@2.1.1,workspace/pnpm-lock.yaml and installed package metadata,Generated from pnpm's resolved dependency graph and local package metadata.
workspace,library,npm,escape-html,1.0.3,runtime,transitive runtime dependency,MIT,pkg:npm/escape-html@1.0.3,workspace/pnpm-lock.yaml and installed package metadata,Generated from pnpm's resolved dependency graph and local package metadata.
workspace,library,npm,etag,1.8.1,runtime,transitive runtime dependency,MIT,pkg:npm/etag@1.8.1,workspace/pnpm-lock.yaml and installed package metadata,Generated from pnpm's resolved dependency graph and local package metadata.
workspace,library,npm,execa,9.6.1,runtime,transitive runtime dependency,MIT,pkg:npm/execa@9.6.1,workspace/pnpm-lock.yaml and installed package metadata,Generated from pnpm's resolved dependency graph and local package metadata.
workspace,library,npm,expand-template,2.0.3,runtime,transitive runtime dependency,(MIT OR WTFPL),pkg:npm/expand-template@2.0.3,workspace/pnpm-lock.yaml and installed package metadata,Generated from pnpm's resolved dependency graph and local package metadata.
workspace,library,npm,express,5.2.1,runtime,transitive runtime dependency,MIT,pkg:npm/express@5.2.1,workspace/pnpm-lock.yaml and installed package metadata,Generated from pnpm's resolved dependency graph and local package metadata.
workspace,library,npm,exsolve,1.0.8,runtime,transitive runtime dependency,MIT,pkg:npm/exsolve@1.0.8,workspace/pnpm-lock.yaml and installed package metadata,Generated from pnpm's resolved dependency graph and local package metadata.
workspace,library,npm,fast-check,3.23.2,runtime,transitive runtime dependency,MIT,pkg:npm/fast-check@3.23.2,workspace/pnpm-lock.yaml and installed package metadata,Generated from pnpm's resolved dependency graph and local package metadata.
workspace,library,npm,fast-content-type-parse,3.0.0,runtime,transitive runtime dependency,MIT,pkg:npm/fast-content-type-parse@3.0.0,workspace/pnpm-lock.yaml and installed package metadata,Generated from pnpm's resolved dependency graph and local package metadata.
workspace,library,npm,fast-copy,4.0.2,runtime,transitive runtime dependency,MIT,pkg:npm/fast-copy@4.0.2,workspace/pnpm-lock.yaml and installed package metadata,Generated from pnpm's resolved dependency graph and local package metadata.
workspace,library,npm,fast-decode-uri-component,1.0.1,runtime,transitive runtime dependency,MIT,pkg:npm/fast-decode-uri-component@1.0.1,workspace/pnpm-lock.yaml and installed package metadata,Generated from pnpm's resolved dependency graph and local package metadata.
workspace,library,npm,fast-deep-equal,3.1.3,runtime,transitive runtime dependency,MIT,pkg:npm/fast-deep-equal@3.1.3,workspace/pnpm-lock.yaml and installed package metadata,Generated from pnpm's resolved dependency graph and local package metadata.
workspace,library,npm,fast-glob,3.3.3,runtime,transitive runtime dependency,MIT,pkg:npm/fast-glob@3.3.3,workspace/pnpm-lock.yaml and installed package metadata,Generated from pnpm's resolved dependency graph and local package metadata.
workspace,library,npm,fast-json-stringify,6.1.1,runtime,transitive runtime dependency,MIT,pkg:npm/fast-json-stringify@6.1.1,workspace/pnpm-lock.yaml and installed package metadata,Generated from pnpm's resolved dependency graph and local package metadata.
workspace,library,npm,fast-querystring,1.1.2,runtime,transitive runtime dependency,MIT,pkg:npm/fast-querystring@1.1.2,workspace/pnpm-lock.yaml and installed package metadata,Generated from pnpm's resolved dependency graph and local package metadata.
workspace,library,npm,fast-safe-stringify,2.1.1,runtime,transitive runtime dependency,MIT,pkg:npm/fast-safe-stringify@2.1.1,workspace/pnpm-lock.yaml and installed package metadata,Generated from pnpm's resolved dependency graph and local package metadata.
workspace,library,npm,fast-uri,3.1.0,runtime,transitive runtime dependency,BSD-3-Clause,pkg:npm/fast-uri@3.1.0,workspace/pnpm-lock.yaml and installed package metadata,Generated from pnpm's resolved dependency graph and local package metadata.
workspace,library,npm,fastify,5.6.2,runtime,direct runtime dependency,MIT,pkg:npm/fastify@5.6.2,workspace/pnpm-lock.yaml and installed package metadata,Generated from pnpm's resolved dependency graph and local package metadata.
workspace,library,npm,fastify-plugin,5.1.0,runtime,transitive runtime dependency,MIT,pkg:npm/fastify-plugin@5.1.0,workspace/pnpm-lock.yaml and installed package metadata,Generated from pnpm's resolved dependency graph and local package metadata.
workspace,library,npm,fastq,1.19.1,runtime,transitive runtime dependency,ISC,pkg:npm/fastq@1.19.1,workspace/pnpm-lock.yaml and installed package metadata,Generated from pnpm's resolved dependency graph and local package metadata.
workspace,library,npm,figures,6.1.0,runtime,transitive runtime dependency,MIT,pkg:npm/figures@6.1.0,workspace/pnpm-lock.yaml and installed package metadata,Generated from pnpm's resolved dependency graph and local package metadata.
workspace,library,npm,file-uri-to-path,1.0.0,runtime,transitive runtime dependency,MIT,pkg:npm/file-uri-to-path@1.0.0,workspace/pnpm-lock.yaml and installed package metadata,Generated from pnpm's resolved dependency graph and local package metadata.
workspace,library,npm,filelist,1.0.4,runtime,transitive runtime dependency,Apache-2.0,pkg:npm/filelist@1.0.4,workspace/pnpm-lock.yaml and installed package metadata,Generated from pnpm's resolved dependency graph and local package metadata.
workspace,library,npm,fill-range,7.1.1,runtime,transitive runtime dependency,MIT,pkg:npm/fill-range@7.1.1,workspace/pnpm-lock.yaml and installed package metadata,Generated from pnpm's resolved dependency graph and local package metadata.
workspace,library,npm,finalhandler,2.1.1,runtime,transitive runtime dependency,MIT,pkg:npm/finalhandler@2.1.1,workspace/pnpm-lock.yaml and installed package metadata,Generated from pnpm's resolved dependency graph and local package metadata.
workspace,library,npm,find-my-way,9.3.0,runtime,transitive runtime dependency,MIT,pkg:npm/find-my-way@9.3.0,workspace/pnpm-lock.yaml and installed package metadata,Generated from pnpm's resolved dependency graph and local package metadata.
workspace,library,npm,foreground-child,3.3.1,runtime,transitive runtime dependency,ISC,pkg:npm/foreground-child@3.3.1,workspace/pnpm-lock.yaml and installed package metadata,Generated from pnpm's resolved dependency graph and local package metadata.
workspace,library,npm,forwarded,0.2.0,runtime,transitive runtime dependency,MIT,pkg:npm/forwarded@0.2.0,workspace/pnpm-lock.yaml and installed package metadata,Generated from pnpm's resolved dependency graph and local package metadata.
workspace,library,npm,fresh,2.0.0,runtime,transitive runtime dependency,MIT,pkg:npm/fresh@2.0.0,workspace/pnpm-lock.yaml and installed package metadata,Generated from pnpm's resolved dependency graph and local package metadata.
workspace,library,npm,fs-constants,1.0.0,runtime,transitive runtime dependency,MIT,pkg:npm/fs-constants@1.0.0,workspace/pnpm-lock.yaml and installed package metadata,Generated from pnpm's resolved dependency graph and local package metadata.
workspace,library,npm,fs-extra,10.1.0,runtime,transitive runtime dependency,MIT,pkg:npm/fs-extra@10.1.0,workspace/pnpm-lock.yaml and installed package metadata,Generated from pnpm's resolved dependency graph and local package metadata.
workspace,library,npm,fsevents,2.3.3,runtime,transitive runtime dependency,NOASSERTION,pkg:npm/fsevents@2.3.3,workspace/pnpm-lock.yaml and installed package metadata,Generated from pnpm's resolved dependency graph and local package metadata.
workspace,library,npm,function-bind,1.1.2,runtime,transitive runtime dependency,MIT,pkg:npm/function-bind@1.1.2,workspace/pnpm-lock.yaml and installed package metadata,Generated from pnpm's resolved dependency graph and local package metadata.
workspace,library,npm,generate-function,2.3.1,runtime,transitive runtime dependency,MIT,pkg:npm/generate-function@2.3.1,workspace/pnpm-lock.yaml and installed package metadata,Generated from pnpm's resolved dependency graph and local package metadata.
workspace,library,npm,get-intrinsic,1.3.0,runtime,transitive runtime dependency,MIT,pkg:npm/get-intrinsic@1.3.0,workspace/pnpm-lock.yaml and installed package metadata,Generated from pnpm's resolved dependency graph and local package metadata.
workspace,library,npm,get-proto,1.0.1,runtime,transitive runtime dependency,MIT,pkg:npm/get-proto@1.0.1,workspace/pnpm-lock.yaml and installed package metadata,Generated from pnpm's resolved dependency graph and local package metadata.
workspace,library,npm,get-stream,9.0.1,runtime,transitive runtime dependency,MIT,pkg:npm/get-stream@9.0.1,workspace/pnpm-lock.yaml and installed package metadata,Generated from pnpm's resolved dependency graph and local package metadata.
workspace,library,npm,get-tsconfig,4.13.0,runtime,transitive runtime dependency,MIT,pkg:npm/get-tsconfig@4.13.0,workspace/pnpm-lock.yaml and installed package metadata,Generated from pnpm's resolved dependency graph and local package metadata.
workspace,library,npm,giget,2.0.0,runtime,transitive runtime dependency,MIT,pkg:npm/giget@2.0.0,workspace/pnpm-lock.yaml and installed package metadata,Generated from pnpm's resolved dependency graph and local package metadata.
workspace,library,npm,github-from-package,0.0.0,runtime,transitive runtime dependency,MIT,pkg:npm/github-from-package@0.0.0,workspace/pnpm-lock.yaml and installed package metadata,Generated from pnpm's resolved dependency graph and local package metadata.
workspace,library,npm,glob,11.1.0,runtime,transitive runtime dependency,BlueOak-1.0.0,pkg:npm/glob@11.1.0,workspace/pnpm-lock.yaml and installed package metadata,Generated from pnpm's resolved dependency graph and local package metadata.
workspace,library,npm,glob,13.0.6,runtime,transitive runtime dependency,BlueOak-1.0.0,pkg:npm/glob@13.0.6,workspace/pnpm-lock.yaml and installed package metadata,Generated from pnpm's resolved dependency graph and local package metadata.
workspace,library,npm,glob-parent,5.1.2,runtime,transitive runtime dependency,ISC,pkg:npm/glob-parent@5.1.2,workspace/pnpm-lock.yaml and installed package metadata,Generated from pnpm's resolved dependency graph and local package metadata.
workspace,library,npm,globalyzer,0.1.0,runtime,transitive runtime dependency,MIT,pkg:npm/globalyzer@0.1.0,workspace/pnpm-lock.yaml and installed package metadata,Generated from pnpm's resolved dependency graph and local package metadata.
workspace,library,npm,globby,11.1.0,runtime,transitive runtime dependency,MIT,pkg:npm/globby@11.1.0,workspace/pnpm-lock.yaml and installed package metadata,Generated from pnpm's resolved dependency graph and local package metadata.
workspace,library,npm,globrex,0.1.2,runtime,transitive runtime dependency,MIT,pkg:npm/globrex@0.1.2,workspace/pnpm-lock.yaml and installed package metadata,Generated from pnpm's resolved dependency graph and local package metadata.
workspace,library,npm,gopd,1.2.0,runtime,transitive runtime dependency,MIT,pkg:npm/gopd@1.2.0,workspace/pnpm-lock.yaml and installed package metadata,Generated from pnpm's resolved dependency graph and local package metadata.
workspace,library,npm,graceful-fs,4.2.11,runtime,transitive runtime dependency,ISC,pkg:npm/graceful-fs@4.2.11,workspace/pnpm-lock.yaml and installed package metadata,Generated from pnpm's resolved dependency graph and local package metadata.
workspace,library,npm,has-flag,4.0.0,runtime,transitive runtime dependency,MIT,pkg:npm/has-flag@4.0.0,workspace/pnpm-lock.yaml and installed package metadata,Generated from pnpm's resolved dependency graph and local package metadata.
workspace,library,npm,has-property-descriptors,1.0.2,runtime,transitive runtime dependency,MIT,pkg:npm/has-property-descriptors@1.0.2,workspace/pnpm-lock.yaml and installed package metadata,Generated from pnpm's resolved dependency graph and local package metadata.
workspace,library,npm,has-symbols,1.1.0,runtime,transitive runtime dependency,MIT,pkg:npm/has-symbols@1.1.0,workspace/pnpm-lock.yaml and installed package metadata,Generated from pnpm's resolved dependency graph and local package metadata.
workspace,library,npm,hasown,2.0.2,runtime,transitive runtime dependency,MIT,pkg:npm/hasown@2.0.2,workspace/pnpm-lock.yaml and installed package metadata,Generated from pnpm's resolved dependency graph and local package metadata.
workspace,library,npm,helmet,8.1.0,runtime,transitive runtime dependency,MIT,pkg:npm/helmet@8.1.0,workspace/pnpm-lock.yaml and installed package metadata,Generated from pnpm's resolved dependency graph and local package metadata.
workspace,library,npm,help-me,5.0.0,runtime,transitive runtime dependency,MIT,pkg:npm/help-me@5.0.0,workspace/pnpm-lock.yaml and installed package metadata,Generated from pnpm's resolved dependency graph and local package metadata.
workspace,library,npm,http-errors,2.0.1,runtime,transitive runtime dependency,MIT,pkg:npm/http-errors@2.0.1,workspace/pnpm-lock.yaml and installed package metadata,Generated from pnpm's resolved dependency graph and local package metadata.
workspace,library,npm,https-proxy-agent,5.0.0,runtime,transitive runtime dependency,MIT,pkg:npm/https-proxy-agent@5.0.0,workspace/pnpm-lock.yaml and installed package metadata,Generated from pnpm's resolved dependency graph and local package metadata.
workspace,library,npm,human-signals,8.0.1,runtime,transitive runtime dependency,Apache-2.0,pkg:npm/human-signals@8.0.1,workspace/pnpm-lock.yaml and installed package metadata,Generated from pnpm's resolved dependency graph and local package metadata.
workspace,library,npm,iconv-lite,0.7.2,runtime,transitive runtime dependency,MIT,pkg:npm/iconv-lite@0.7.2,workspace/pnpm-lock.yaml and installed package metadata,Generated from pnpm's resolved dependency graph and local package metadata.
workspace,library,npm,ieee754,1.2.1,runtime,transitive runtime dependency,BSD-3-Clause,pkg:npm/ieee754@1.2.1,workspace/pnpm-lock.yaml and installed package metadata,Generated from pnpm's resolved dependency graph and local package metadata.
workspace,library,npm,ignore,5.3.2,runtime,transitive runtime dependency,MIT,pkg:npm/ignore@5.3.2,workspace/pnpm-lock.yaml and installed package metadata,Generated from pnpm's resolved dependency graph and local package metadata.
workspace,library,npm,import-in-the-middle,2.0.0,runtime,transitive runtime dependency,Apache-2.0,pkg:npm/import-in-the-middle@2.0.0,workspace/pnpm-lock.yaml and installed package metadata,Generated from pnpm's resolved dependency graph and local package metadata.
workspace,library,npm,inherits,2.0.4,runtime,transitive runtime dependency,ISC,pkg:npm/inherits@2.0.4,workspace/pnpm-lock.yaml and installed package metadata,Generated from pnpm's resolved dependency graph and local package metadata.
workspace,library,npm,ini,1.3.8,runtime,transitive runtime dependency,ISC,pkg:npm/ini@1.3.8,workspace/pnpm-lock.yaml and installed package metadata,Generated from pnpm's resolved dependency graph and local package metadata.
workspace,library,npm,ioredis,5.8.2,runtime,transitive runtime dependency,MIT,pkg:npm/ioredis@5.8.2,workspace/pnpm-lock.yaml and installed package metadata,Generated from pnpm's resolved dependency graph and local package metadata.
workspace,library,npm,ipaddr.js,2.3.0,runtime,transitive runtime dependency,MIT,pkg:npm/ipaddr.js@2.3.0,workspace/pnpm-lock.yaml and installed package metadata,Generated from pnpm's resolved dependency graph and local package metadata.
workspace,library,npm,ipaddr.js,1.9.1,runtime,transitive runtime dependency,MIT,pkg:npm/ipaddr.js@1.9.1,workspace/pnpm-lock.yaml and installed package metadata,Generated from pnpm's resolved dependency graph and local package metadata.
workspace,library,npm,is-binary-path,2.1.0,runtime,transitive runtime dependency,MIT,pkg:npm/is-binary-path@2.1.0,workspace/pnpm-lock.yaml and installed package metadata,Generated from pnpm's resolved dependency graph and local package metadata.
workspace,library,npm,is-extglob,2.1.1,runtime,transitive runtime dependency,MIT,pkg:npm/is-extglob@2.1.1,workspace/pnpm-lock.yaml and installed package metadata,Generated from pnpm's resolved dependency graph and local package metadata.
workspace,library,npm,is-fullwidth-code-point,3.0.0,runtime,transitive runtime dependency,MIT,pkg:npm/is-fullwidth-code-point@3.0.0,workspace/pnpm-lock.yaml and installed package metadata,Generated from pnpm's resolved dependency graph and local package metadata.
workspace,library,npm,is-glob,4.0.3,runtime,transitive runtime dependency,MIT,pkg:npm/is-glob@4.0.3,workspace/pnpm-lock.yaml and installed package metadata,Generated from pnpm's resolved dependency graph and local package metadata.
workspace,library,npm,is-interactive,1.0.0,runtime,transitive runtime dependency,MIT,pkg:npm/is-interactive@1.0.0,workspace/pnpm-lock.yaml and installed package metadata,Generated from pnpm's resolved dependency graph and local package metadata.
workspace,library,npm,is-number,7.0.0,runtime,transitive runtime dependency,MIT,pkg:npm/is-number@7.0.0,workspace/pnpm-lock.yaml and installed package metadata,Generated from pnpm's resolved dependency graph and local package metadata.
workspace,library,npm,is-plain-obj,4.1.0,runtime,transitive runtime dependency,MIT,pkg:npm/is-plain-obj@4.1.0,workspace/pnpm-lock.yaml and installed package metadata,Generated from pnpm's resolved dependency graph and local package metadata.
workspace,library,npm,is-promise,4.0.0,runtime,transitive runtime dependency,MIT,pkg:npm/is-promise@4.0.0,workspace/pnpm-lock.yaml and installed package metadata,Generated from pnpm's resolved dependency graph and local package metadata.
workspace,library,npm,is-property,1.0.2,runtime,transitive runtime dependency,MIT,pkg:npm/is-property@1.0.2,workspace/pnpm-lock.yaml and installed package metadata,Generated from pnpm's resolved dependency graph and local package metadata.
workspace,library,npm,is-stream,4.0.1,runtime,transitive runtime dependency,MIT,pkg:npm/is-stream@4.0.1,workspace/pnpm-lock.yaml and installed package metadata,Generated from pnpm's resolved dependency graph and local package metadata.
workspace,library,npm,is-unicode-supported,2.1.0,runtime,transitive runtime dependency,MIT,pkg:npm/is-unicode-supported@2.1.0,workspace/pnpm-lock.yaml and installed package metadata,Generated from pnpm's resolved dependency graph and local package metadata.
workspace,library,npm,is-unicode-supported,0.1.0,runtime,transitive runtime dependency,MIT,pkg:npm/is-unicode-supported@0.1.0,workspace/pnpm-lock.yaml and installed package metadata,Generated from pnpm's resolved dependency graph and local package metadata.
workspace,library,npm,is-what,5.5.0,runtime,transitive runtime dependency,MIT,pkg:npm/is-what@5.5.0,workspace/pnpm-lock.yaml and installed package metadata,Generated from pnpm's resolved dependency graph and local package metadata.
workspace,library,npm,isarray,2.0.5,runtime,transitive runtime dependency,MIT,pkg:npm/isarray@2.0.5,workspace/pnpm-lock.yaml and installed package metadata,Generated from pnpm's resolved dependency graph and local package metadata.
workspace,library,npm,isexe,2.0.0,runtime,transitive runtime dependency,ISC,pkg:npm/isexe@2.0.0,workspace/pnpm-lock.yaml and installed package metadata,Generated from pnpm's resolved dependency graph and local package metadata.
workspace,library,npm,jackspeak,4.1.1,runtime,transitive runtime dependency,BlueOak-1.0.0,pkg:npm/jackspeak@4.1.1,workspace/pnpm-lock.yaml and installed package metadata,Generated from pnpm's resolved dependency graph and local package metadata.
workspace,library,npm,jake,10.9.4,runtime,transitive runtime dependency,Apache-2.0,pkg:npm/jake@10.9.4,workspace/pnpm-lock.yaml and installed package metadata,Generated from pnpm's resolved dependency graph and local package metadata.
workspace,library,npm,jiti,2.6.1,runtime,transitive runtime dependency,MIT,pkg:npm/jiti@2.6.1,workspace/pnpm-lock.yaml and installed package metadata,Generated from pnpm's resolved dependency graph and local package metadata.
workspace,library,npm,jose,6.2.3,runtime,direct runtime dependency,MIT,pkg:npm/jose@6.2.3,workspace/pnpm-lock.yaml and installed package metadata,Generated from pnpm's resolved dependency graph and local package metadata.
workspace,library,npm,joycon,3.1.1,runtime,transitive runtime dependency,MIT,pkg:npm/joycon@3.1.1,workspace/pnpm-lock.yaml and installed package metadata,Generated from pnpm's resolved dependency graph and local package metadata.
workspace,library,npm,json-schema-ref-resolver,3.0.0,runtime,transitive runtime dependency,MIT,pkg:npm/json-schema-ref-resolver@3.0.0,workspace/pnpm-lock.yaml and installed package metadata,Generated from pnpm's resolved dependency graph and local package metadata.
workspace,library,npm,json-schema-resolver,3.0.0,runtime,transitive runtime dependency,MIT,pkg:npm/json-schema-resolver@3.0.0,workspace/pnpm-lock.yaml and installed package metadata,Generated from pnpm's resolved dependency graph and local package metadata.
workspace,library,npm,json-schema-traverse,1.0.0,runtime,transitive runtime dependency,MIT,pkg:npm/json-schema-traverse@1.0.0,workspace/pnpm-lock.yaml and installed package metadata,Generated from pnpm's resolved dependency graph and local package metadata.
workspace,library,npm,json-stable-stringify,1.3.0,runtime,transitive runtime dependency,MIT,pkg:npm/json-stable-stringify@1.3.0,workspace/pnpm-lock.yaml and installed package metadata,Generated from pnpm's resolved dependency graph and local package metadata.
workspace,library,npm,jsonfile,6.2.0,runtime,transitive runtime dependency,MIT,pkg:npm/jsonfile@6.2.0,workspace/pnpm-lock.yaml and installed package metadata,Generated from pnpm's resolved dependency graph and local package metadata.
workspace,library,npm,jsonify,0.0.1,runtime,transitive runtime dependency,Public Domain,pkg:npm/jsonify@0.0.1,workspace/pnpm-lock.yaml and installed package metadata,Generated from pnpm's resolved dependency graph and local package metadata.
workspace,library,npm,jsonwebtoken,9.0.3,runtime,direct runtime dependency,MIT,pkg:npm/jsonwebtoken@9.0.3,workspace/pnpm-lock.yaml and installed package metadata,Generated from pnpm's resolved dependency graph and local package metadata.
workspace,library,npm,jwa,2.0.1,runtime,transitive runtime dependency,MIT,pkg:npm/jwa@2.0.1,workspace/pnpm-lock.yaml and installed package metadata,Generated from pnpm's resolved dependency graph and local package metadata.
workspace,library,npm,jws,4.0.1,runtime,transitive runtime dependency,MIT,pkg:npm/jws@4.0.1,workspace/pnpm-lock.yaml and installed package metadata,Generated from pnpm's resolved dependency graph and local package metadata.
workspace,library,npm,kysely,0.28.9,runtime,transitive runtime dependency,MIT,pkg:npm/kysely@0.28.9,workspace/pnpm-lock.yaml and installed package metadata,Generated from pnpm's resolved dependency graph and local package metadata.
workspace,library,npm,langium,3.5.0,runtime,transitive runtime dependency,MIT,pkg:npm/langium@3.5.0,workspace/pnpm-lock.yaml and installed package metadata,Generated from pnpm's resolved dependency graph and local package metadata.
workspace,library,npm,light-my-request,6.6.0,runtime,transitive runtime dependency,BSD-3-Clause,pkg:npm/light-my-request@6.6.0,workspace/pnpm-lock.yaml and installed package metadata,Generated from pnpm's resolved dependency graph and local package metadata.
workspace,library,npm,lodash,4.17.21,runtime,transitive runtime dependency,MIT,pkg:npm/lodash@4.17.21,workspace/pnpm-lock.yaml and installed package metadata,Generated from pnpm's resolved dependency graph and local package metadata.
workspace,library,npm,lodash-es,4.17.21,runtime,transitive runtime dependency,MIT,pkg:npm/lodash-es@4.17.21,workspace/pnpm-lock.yaml and installed package metadata,Generated from pnpm's resolved dependency graph and local package metadata.
workspace,library,npm,lodash-es,4.17.23,runtime,transitive runtime dependency,MIT,pkg:npm/lodash-es@4.17.23,workspace/pnpm-lock.yaml and installed package metadata,Generated from pnpm's resolved dependency graph and local package metadata.
workspace,library,npm,lodash.defaults,4.2.0,runtime,transitive runtime dependency,MIT,pkg:npm/lodash.defaults@4.2.0,workspace/pnpm-lock.yaml and installed package metadata,Generated from pnpm's resolved dependency graph and local package metadata.
workspace,library,npm,lodash.includes,4.3.0,runtime,transitive runtime dependency,MIT,pkg:npm/lodash.includes@4.3.0,workspace/pnpm-lock.yaml and installed package metadata,Generated from pnpm's resolved dependency graph and local package metadata.
workspace,library,npm,lodash.isarguments,3.1.0,runtime,transitive runtime dependency,MIT,pkg:npm/lodash.isarguments@3.1.0,workspace/pnpm-lock.yaml and installed package metadata,Generated from pnpm's resolved dependency graph and local package metadata.
workspace,library,npm,lodash.isboolean,3.0.3,runtime,transitive runtime dependency,MIT,pkg:npm/lodash.isboolean@3.0.3,workspace/pnpm-lock.yaml and installed package metadata,Generated from pnpm's resolved dependency graph and local package metadata.
workspace,library,npm,lodash.isinteger,4.0.4,runtime,transitive runtime dependency,MIT,pkg:npm/lodash.isinteger@4.0.4,workspace/pnpm-lock.yaml and installed package metadata,Generated from pnpm's resolved dependency graph and local package metadata.
workspace,library,npm,lodash.isnumber,3.0.3,runtime,transitive runtime dependency,MIT,pkg:npm/lodash.isnumber@3.0.3,workspace/pnpm-lock.yaml and installed package metadata,Generated from pnpm's resolved dependency graph and local package metadata.
workspace,library,npm,lodash.isplainobject,4.0.6,runtime,transitive runtime dependency,MIT,pkg:npm/lodash.isplainobject@4.0.6,workspace/pnpm-lock.yaml and installed package metadata,Generated from pnpm's resolved dependency graph and local package metadata.
workspace,library,npm,lodash.isstring,4.0.1,runtime,transitive runtime dependency,MIT,pkg:npm/lodash.isstring@4.0.1,workspace/pnpm-lock.yaml and installed package metadata,Generated from pnpm's resolved dependency graph and local package metadata.
workspace,library,npm,lodash.once,4.1.1,runtime,transitive runtime dependency,MIT,pkg:npm/lodash.once@4.1.1,workspace/pnpm-lock.yaml and installed package metadata,Generated from pnpm's resolved dependency graph and local package metadata.
workspace,library,npm,log-symbols,4.1.0,runtime,transitive runtime dependency,MIT,pkg:npm/log-symbols@4.1.0,workspace/pnpm-lock.yaml and installed package metadata,Generated from pnpm's resolved dependency graph and local package metadata.
workspace,library,npm,long,5.3.2,runtime,transitive runtime dependency,Apache-2.0,pkg:npm/long@5.3.2,workspace/pnpm-lock.yaml and installed package metadata,Generated from pnpm's resolved dependency graph and local package metadata.
workspace,library,npm,lru-cache,11.2.4,runtime,transitive runtime dependency,BlueOak-1.0.0,pkg:npm/lru-cache@11.2.4,workspace/pnpm-lock.yaml and installed package metadata,Generated from pnpm's resolved dependency graph and local package metadata.
workspace,library,npm,lru.min,1.1.4,runtime,transitive runtime dependency,MIT,pkg:npm/lru.min@1.1.4,workspace/pnpm-lock.yaml and installed package metadata,Generated from pnpm's resolved dependency graph and local package metadata.
workspace,library,npm,luxon,3.7.2,runtime,transitive runtime dependency,MIT,pkg:npm/luxon@3.7.2,workspace/pnpm-lock.yaml and installed package metadata,Generated from pnpm's resolved dependency graph and local package metadata.
workspace,library,npm,math-intrinsics,1.1.0,runtime,transitive runtime dependency,MIT,pkg:npm/math-intrinsics@1.1.0,workspace/pnpm-lock.yaml and installed package metadata,Generated from pnpm's resolved dependency graph and local package metadata.
workspace,library,npm,media-typer,1.1.0,runtime,transitive runtime dependency,MIT,pkg:npm/media-typer@1.1.0,workspace/pnpm-lock.yaml and installed package metadata,Generated from pnpm's resolved dependency graph and local package metadata.
workspace,library,npm,merge-descriptors,2.0.0,runtime,transitive runtime dependency,MIT,pkg:npm/merge-descriptors@2.0.0,workspace/pnpm-lock.yaml and installed package metadata,Generated from pnpm's resolved dependency graph and local package metadata.
workspace,library,npm,merge2,1.4.1,runtime,transitive runtime dependency,MIT,pkg:npm/merge2@1.4.1,workspace/pnpm-lock.yaml and installed package metadata,Generated from pnpm's resolved dependency graph and local package metadata.
workspace,library,npm,micromatch,4.0.8,runtime,transitive runtime dependency,MIT,pkg:npm/micromatch@4.0.8,workspace/pnpm-lock.yaml and installed package metadata,Generated from pnpm's resolved dependency graph and local package metadata.
workspace,library,npm,mime,3.0.0,runtime,transitive runtime dependency,MIT,pkg:npm/mime@3.0.0,workspace/pnpm-lock.yaml and installed package metadata,Generated from pnpm's resolved dependency graph and local package metadata.
workspace,library,npm,mime-db,1.54.0,runtime,transitive runtime dependency,MIT,pkg:npm/mime-db@1.54.0,workspace/pnpm-lock.yaml and installed package metadata,Generated from pnpm's resolved dependency graph and local package metadata.
workspace,library,npm,mime-types,3.0.2,runtime,transitive runtime dependency,MIT,pkg:npm/mime-types@3.0.2,workspace/pnpm-lock.yaml and installed package metadata,Generated from pnpm's resolved dependency graph and local package metadata.
workspace,library,npm,mimic-fn,2.1.0,runtime,transitive runtime dependency,MIT,pkg:npm/mimic-fn@2.1.0,workspace/pnpm-lock.yaml and installed package metadata,Generated from pnpm's resolved dependency graph and local package metadata.
workspace,library,npm,mimic-response,3.1.0,runtime,transitive runtime dependency,MIT,pkg:npm/mimic-response@3.1.0,workspace/pnpm-lock.yaml and installed package metadata,Generated from pnpm's resolved dependency graph and local package metadata.
workspace,library,npm,minimatch,10.1.1,runtime,transitive runtime dependency,BlueOak-1.0.0,pkg:npm/minimatch@10.1.1,workspace/pnpm-lock.yaml and installed package metadata,Generated from pnpm's resolved dependency graph and local package metadata.
workspace,library,npm,minimatch,5.1.6,runtime,transitive runtime dependency,ISC,pkg:npm/minimatch@5.1.6,workspace/pnpm-lock.yaml and installed package metadata,Generated from pnpm's resolved dependency graph and local package metadata.
workspace,library,npm,minimatch,10.2.4,runtime,transitive runtime dependency,BlueOak-1.0.0,pkg:npm/minimatch@10.2.4,workspace/pnpm-lock.yaml and installed package metadata,Generated from pnpm's resolved dependency graph and local package metadata.
workspace,library,npm,minimist,1.2.8,runtime,transitive runtime dependency,MIT,pkg:npm/minimist@1.2.8,workspace/pnpm-lock.yaml and installed package metadata,Generated from pnpm's resolved dependency graph and local package metadata.
workspace,library,npm,minipass,7.1.2,runtime,transitive runtime dependency,ISC,pkg:npm/minipass@7.1.2,workspace/pnpm-lock.yaml and installed package metadata,Generated from pnpm's resolved dependency graph and local package metadata.
workspace,library,npm,minipass,7.1.3,runtime,transitive runtime dependency,BlueOak-1.0.0,pkg:npm/minipass@7.1.3,workspace/pnpm-lock.yaml and installed package metadata,Generated from pnpm's resolved dependency graph and local package metadata.
workspace,library,npm,mixpanel,0.18.1,runtime,transitive runtime dependency,MIT,pkg:npm/mixpanel@0.18.1,workspace/pnpm-lock.yaml and installed package metadata,Generated from pnpm's resolved dependency graph and local package metadata.
workspace,library,npm,mkdirp-classic,0.5.3,runtime,transitive runtime dependency,MIT,pkg:npm/mkdirp-classic@0.5.3,workspace/pnpm-lock.yaml and installed package metadata,Generated from pnpm's resolved dependency graph and local package metadata.
workspace,library,npm,module-details-from-path,1.0.4,runtime,transitive runtime dependency,MIT,pkg:npm/module-details-from-path@1.0.4,workspace/pnpm-lock.yaml and installed package metadata,Generated from pnpm's resolved dependency graph and local package metadata.
workspace,library,npm,ms,2.1.3,runtime,transitive runtime dependency,MIT,pkg:npm/ms@2.1.3,workspace/pnpm-lock.yaml and installed package metadata,Generated from pnpm's resolved dependency graph and local package metadata.
workspace,library,npm,msgpackr,1.11.5,runtime,transitive runtime dependency,MIT,pkg:npm/msgpackr@1.11.5,workspace/pnpm-lock.yaml and installed package metadata,Generated from pnpm's resolved dependency graph and local package metadata.
workspace,library,npm,msgpackr-extract,3.0.3,runtime,transitive runtime dependency,MIT,pkg:npm/msgpackr-extract@3.0.3,workspace/pnpm-lock.yaml and installed package metadata,Generated from pnpm's resolved dependency graph and local package metadata.
workspace,library,npm,mysql2,3.18.1,runtime,transitive runtime dependency,MIT,pkg:npm/mysql2@3.18.1,workspace/pnpm-lock.yaml and installed package metadata,Generated from pnpm's resolved dependency graph and local package metadata.
workspace,library,npm,named-placeholders,1.1.6,runtime,transitive runtime dependency,MIT,pkg:npm/named-placeholders@1.1.6,workspace/pnpm-lock.yaml and installed package metadata,Generated from pnpm's resolved dependency graph and local package metadata.
workspace,library,npm,nanoid,5.1.6,runtime,transitive runtime dependency,MIT,pkg:npm/nanoid@5.1.6,workspace/pnpm-lock.yaml and installed package metadata,Generated from pnpm's resolved dependency graph and local package metadata.
workspace,library,npm,nanostores,1.1.0,runtime,transitive runtime dependency,MIT,pkg:npm/nanostores@1.1.0,workspace/pnpm-lock.yaml and installed package metadata,Generated from pnpm's resolved dependency graph and local package metadata.
workspace,library,npm,napi-build-utils,2.0.0,runtime,transitive runtime dependency,MIT,pkg:npm/napi-build-utils@2.0.0,workspace/pnpm-lock.yaml and installed package metadata,Generated from pnpm's resolved dependency graph and local package metadata.
workspace,library,npm,negotiator,1.0.0,runtime,transitive runtime dependency,MIT,pkg:npm/negotiator@1.0.0,workspace/pnpm-lock.yaml and installed package metadata,Generated from pnpm's resolved dependency graph and local package metadata.
workspace,library,npm,node-abi,3.87.0,runtime,transitive runtime dependency,MIT,pkg:npm/node-abi@3.87.0,workspace/pnpm-lock.yaml and installed package metadata,Generated from pnpm's resolved dependency graph and local package metadata.
workspace,library,npm,node-abort-controller,3.1.1,runtime,transitive runtime dependency,MIT,pkg:npm/node-abort-controller@3.1.1,workspace/pnpm-lock.yaml and installed package metadata,Generated from pnpm's resolved dependency graph and local package metadata.
workspace,library,npm,node-fetch-native,1.6.7,runtime,transitive runtime dependency,MIT,pkg:npm/node-fetch-native@1.6.7,workspace/pnpm-lock.yaml and installed package metadata,Generated from pnpm's resolved dependency graph and local package metadata.
workspace,library,npm,node-gyp-build-optional-packages,5.2.2,runtime,transitive runtime dependency,MIT,pkg:npm/node-gyp-build-optional-packages@5.2.2,workspace/pnpm-lock.yaml and installed package metadata,Generated from pnpm's resolved dependency graph and local package metadata.
workspace,library,npm,normalize-path,3.0.0,runtime,transitive runtime dependency,MIT,pkg:npm/normalize-path@3.0.0,workspace/pnpm-lock.yaml and installed package metadata,Generated from pnpm's resolved dependency graph and local package metadata.
workspace,library,npm,npm-run-path,6.0.0,runtime,transitive runtime dependency,MIT,pkg:npm/npm-run-path@6.0.0,workspace/pnpm-lock.yaml and installed package metadata,Generated from pnpm's resolved dependency graph and local package metadata.
workspace,library,npm,nypm,0.6.5,runtime,transitive runtime dependency,MIT,pkg:npm/nypm@0.6.5,workspace/pnpm-lock.yaml and installed package metadata,Generated from pnpm's resolved dependency graph and local package metadata.
workspace,library,npm,object-assign,4.1.1,runtime,transitive runtime dependency,MIT,pkg:npm/object-assign@4.1.1,workspace/pnpm-lock.yaml and installed package metadata,Generated from pnpm's resolved dependency graph and local package metadata.
workspace,library,npm,object-inspect,1.13.4,runtime,transitive runtime dependency,MIT,pkg:npm/object-inspect@1.13.4,workspace/pnpm-lock.yaml and installed package metadata,Generated from pnpm's resolved dependency graph and local package metadata.
workspace,library,npm,object-keys,1.1.1,runtime,transitive runtime dependency,MIT,pkg:npm/object-keys@1.1.1,workspace/pnpm-lock.yaml and installed package metadata,Generated from pnpm's resolved dependency graph and local package metadata.
workspace,library,npm,ohash,2.0.11,runtime,transitive runtime dependency,MIT,pkg:npm/ohash@2.0.11,workspace/pnpm-lock.yaml and installed package metadata,Generated from pnpm's resolved dependency graph and local package metadata.
workspace,library,npm,on-exit-leak-free,2.1.2,runtime,transitive runtime dependency,MIT,pkg:npm/on-exit-leak-free@2.1.2,workspace/pnpm-lock.yaml and installed package metadata,Generated from pnpm's resolved dependency graph and local package metadata.
workspace,library,npm,on-finished,2.4.1,runtime,transitive runtime dependency,MIT,pkg:npm/on-finished@2.4.1,workspace/pnpm-lock.yaml and installed package metadata,Generated from pnpm's resolved dependency graph and local package metadata.
workspace,library,npm,once,1.4.0,runtime,transitive runtime dependency,ISC,pkg:npm/once@1.4.0,workspace/pnpm-lock.yaml and installed package metadata,Generated from pnpm's resolved dependency graph and local package metadata.
workspace,library,npm,onetime,5.1.2,runtime,transitive runtime dependency,MIT,pkg:npm/onetime@5.1.2,workspace/pnpm-lock.yaml and installed package metadata,Generated from pnpm's resolved dependency graph and local package metadata.
workspace,library,npm,openapi-types,12.1.3,runtime,transitive runtime dependency,MIT,pkg:npm/openapi-types@12.1.3,workspace/pnpm-lock.yaml and installed package metadata,Generated from pnpm's resolved dependency graph and local package metadata.
workspace,library,npm,ora,5.4.1,runtime,transitive runtime dependency,MIT,pkg:npm/ora@5.4.1,workspace/pnpm-lock.yaml and installed package metadata,Generated from pnpm's resolved dependency graph and local package metadata.
workspace,library,npm,oxlint,1.79.0,runtime,direct runtime dependency,MIT,pkg:npm/oxlint@1.79.0,workspace/pnpm-lock.yaml and installed package metadata,Generated from pnpm's resolved dependency graph and local package metadata.
workspace,library,npm,package-json-from-dist,1.0.1,runtime,transitive runtime dependency,BlueOak-1.0.0,pkg:npm/package-json-from-dist@1.0.1,workspace/pnpm-lock.yaml and installed package metadata,Generated from pnpm's resolved dependency graph and local package metadata.
workspace,library,npm,package-manager-detector,1.6.0,runtime,transitive runtime dependency,MIT,pkg:npm/package-manager-detector@1.6.0,workspace/pnpm-lock.yaml and installed package metadata,Generated from pnpm's resolved dependency graph and local package metadata.
workspace,library,npm,parse-ms,4.0.0,runtime,transitive runtime dependency,MIT,pkg:npm/parse-ms@4.0.0,workspace/pnpm-lock.yaml and installed package metadata,Generated from pnpm's resolved dependency graph and local package metadata.
workspace,library,npm,parseurl,1.3.3,runtime,transitive runtime dependency,MIT,pkg:npm/parseurl@1.3.3,workspace/pnpm-lock.yaml and installed package metadata,Generated from pnpm's resolved dependency graph and local package metadata.
workspace,library,npm,path-key,3.1.1,runtime,transitive runtime dependency,MIT,pkg:npm/path-key@3.1.1,workspace/pnpm-lock.yaml and installed package metadata,Generated from pnpm's resolved dependency graph and local package metadata.
workspace,library,npm,path-key,4.0.0,runtime,transitive runtime dependency,MIT,pkg:npm/path-key@4.0.0,workspace/pnpm-lock.yaml and installed package metadata,Generated from pnpm's resolved dependency graph and local package metadata.
workspace,library,npm,path-scurry,2.0.1,runtime,transitive runtime dependency,BlueOak-1.0.0,pkg:npm/path-scurry@2.0.1,workspace/pnpm-lock.yaml and installed package metadata,Generated from pnpm's resolved dependency graph and local package metadata.
workspace,library,npm,path-scurry,2.0.2,runtime,transitive runtime dependency,BlueOak-1.0.0,pkg:npm/path-scurry@2.0.2,workspace/pnpm-lock.yaml and installed package metadata,Generated from pnpm's resolved dependency graph and local package metadata.
workspace,library,npm,path-to-regexp,8.3.0,runtime,transitive runtime dependency,MIT,pkg:npm/path-to-regexp@8.3.0,workspace/pnpm-lock.yaml and installed package metadata,Generated from pnpm's resolved dependency graph and local package metadata.
workspace,library,npm,path-type,4.0.0,runtime,transitive runtime dependency,MIT,pkg:npm/path-type@4.0.0,workspace/pnpm-lock.yaml and installed package metadata,Generated from pnpm's resolved dependency graph and local package metadata.
workspace,library,npm,pathe,2.0.3,runtime,transitive runtime dependency,MIT,pkg:npm/pathe@2.0.3,workspace/pnpm-lock.yaml and installed package metadata,Generated from pnpm's resolved dependency graph and local package metadata.
workspace,library,npm,perfect-debounce,1.0.0,runtime,transitive runtime dependency,MIT,pkg:npm/perfect-debounce@1.0.0,workspace/pnpm-lock.yaml and installed package metadata,Generated from pnpm's resolved dependency graph and local package metadata.
workspace,library,npm,pg,8.19.0,runtime,direct runtime dependency,MIT,pkg:npm/pg@8.19.0,workspace/pnpm-lock.yaml and installed package metadata,Generated from pnpm's resolved dependency graph and local package metadata.
workspace,library,npm,pg-cloudflare,1.3.0,runtime,transitive runtime dependency,MIT,pkg:npm/pg-cloudflare@1.3.0,workspace/pnpm-lock.yaml and installed package metadata,Generated from pnpm's resolved dependency graph and local package metadata.
workspace,library,npm,pg-connection-string,2.11.0,runtime,transitive runtime dependency,MIT,pkg:npm/pg-connection-string@2.11.0,workspace/pnpm-lock.yaml and installed package metadata,Generated from pnpm's resolved dependency graph and local package metadata.
workspace,library,npm,pg-int8,1.0.1,runtime,transitive runtime dependency,ISC,pkg:npm/pg-int8@1.0.1,workspace/pnpm-lock.yaml and installed package metadata,Generated from pnpm's resolved dependency graph and local package metadata.
workspace,library,npm,pg-pool,3.12.0,runtime,transitive runtime dependency,MIT,pkg:npm/pg-pool@3.12.0,workspace/pnpm-lock.yaml and installed package metadata,Generated from pnpm's resolved dependency graph and local package metadata.
workspace,library,npm,pg-protocol,1.12.0,runtime,transitive runtime dependency,MIT,pkg:npm/pg-protocol@1.12.0,workspace/pnpm-lock.yaml and installed package metadata,Generated from pnpm's resolved dependency graph and local package metadata.
workspace,library,npm,pg-types,2.2.0,runtime,transitive runtime dependency,MIT,pkg:npm/pg-types@2.2.0,workspace/pnpm-lock.yaml and installed package metadata,Generated from pnpm's resolved dependency graph and local package metadata.
workspace,library,npm,pgpass,1.0.5,runtime,transitive runtime dependency,MIT,pkg:npm/pgpass@1.0.5,workspace/pnpm-lock.yaml and installed package metadata,Generated from pnpm's resolved dependency graph and local package metadata.
workspace,library,npm,picocolors,1.1.1,runtime,transitive runtime dependency,ISC,pkg:npm/picocolors@1.1.1,workspace/pnpm-lock.yaml and installed package metadata,Generated from pnpm's resolved dependency graph and local package metadata.
workspace,library,npm,picomatch,2.3.1,runtime,transitive runtime dependency,MIT,pkg:npm/picomatch@2.3.1,workspace/pnpm-lock.yaml and installed package metadata,Generated from pnpm's resolved dependency graph and local package metadata.
workspace,library,npm,pino,10.3.1,runtime,direct runtime dependency,MIT,pkg:npm/pino@10.3.1,workspace/pnpm-lock.yaml and installed package metadata,Generated from pnpm's resolved dependency graph and local package metadata.
workspace,library,npm,pino-abstract-transport,3.0.0,runtime,transitive runtime dependency,MIT,pkg:npm/pino-abstract-transport@3.0.0,workspace/pnpm-lock.yaml and installed package metadata,Generated from pnpm's resolved dependency graph and local package metadata.
workspace,library,npm,pino-pretty,13.1.3,runtime,direct runtime dependency,MIT,pkg:npm/pino-pretty@13.1.3,workspace/pnpm-lock.yaml and installed package metadata,Generated from pnpm's resolved dependency graph and local package metadata.
workspace,library,npm,pino-std-serializers,7.0.0,runtime,transitive runtime dependency,MIT,pkg:npm/pino-std-serializers@7.0.0,workspace/pnpm-lock.yaml and installed package metadata,Generated from pnpm's resolved dependency graph and local package metadata.
workspace,library,npm,pkg-types,2.3.0,runtime,transitive runtime dependency,MIT,pkg:npm/pkg-types@2.3.0,workspace/pnpm-lock.yaml and installed package metadata,Generated from pnpm's resolved dependency graph and local package metadata.
workspace,library,npm,pluralize,8.0.0,runtime,transitive runtime dependency,MIT,pkg:npm/pluralize@8.0.0,workspace/pnpm-lock.yaml and installed package metadata,Generated from pnpm's resolved dependency graph and local package metadata.
workspace,library,npm,postgres-array,2.0.0,runtime,transitive runtime dependency,MIT,pkg:npm/postgres-array@2.0.0,workspace/pnpm-lock.yaml and installed package metadata,Generated from pnpm's resolved dependency graph and local package metadata.
workspace,library,npm,postgres-array,3.0.4,runtime,transitive runtime dependency,MIT,pkg:npm/postgres-array@3.0.4,workspace/pnpm-lock.yaml and installed package metadata,Generated from pnpm's resolved dependency graph and local package metadata.
workspace,library,npm,postgres-bytea,1.0.1,runtime,transitive runtime dependency,MIT,pkg:npm/postgres-bytea@1.0.1,workspace/pnpm-lock.yaml and installed package metadata,Generated from pnpm's resolved dependency graph and local package metadata.
workspace,library,npm,postgres-date,1.0.7,runtime,transitive runtime dependency,MIT,pkg:npm/postgres-date@1.0.7,workspace/pnpm-lock.yaml and installed package metadata,Generated from pnpm's resolved dependency graph and local package metadata.
workspace,library,npm,postgres-interval,1.2.0,runtime,transitive runtime dependency,MIT,pkg:npm/postgres-interval@1.2.0,workspace/pnpm-lock.yaml and installed package metadata,Generated from pnpm's resolved dependency graph and local package metadata.
workspace,library,npm,prebuild-install,7.1.3,runtime,transitive runtime dependency,MIT,pkg:npm/prebuild-install@7.1.3,workspace/pnpm-lock.yaml and installed package metadata,Generated from pnpm's resolved dependency graph and local package metadata.
workspace,library,npm,pretty-ms,9.3.0,runtime,transitive runtime dependency,MIT,pkg:npm/pretty-ms@9.3.0,workspace/pnpm-lock.yaml and installed package metadata,Generated from pnpm's resolved dependency graph and local package metadata.
workspace,library,npm,prisma,6.19.2,runtime,transitive runtime dependency,Apache-2.0,pkg:npm/prisma@6.19.2,workspace/pnpm-lock.yaml and installed package metadata,Generated from pnpm's resolved dependency graph and local package metadata.
workspace,library,npm,process-warning,5.0.0,runtime,transitive runtime dependency,MIT,pkg:npm/process-warning@5.0.0,workspace/pnpm-lock.yaml and installed package metadata,Generated from pnpm's resolved dependency graph and local package metadata.
workspace,library,npm,process-warning,4.0.1,runtime,transitive runtime dependency,MIT,pkg:npm/process-warning@4.0.1,workspace/pnpm-lock.yaml and installed package metadata,Generated from pnpm's resolved dependency graph and local package metadata.
workspace,library,npm,proxy-addr,2.0.7,runtime,transitive runtime dependency,MIT,pkg:npm/proxy-addr@2.0.7,workspace/pnpm-lock.yaml and installed package metadata,Generated from pnpm's resolved dependency graph and local package metadata.
workspace,library,npm,pump,3.0.3,runtime,transitive runtime dependency,MIT,pkg:npm/pump@3.0.3,workspace/pnpm-lock.yaml and installed package metadata,Generated from pnpm's resolved dependency graph and local package metadata.
workspace,library,npm,pure-rand,6.1.0,runtime,transitive runtime dependency,MIT,pkg:npm/pure-rand@6.1.0,workspace/pnpm-lock.yaml and installed package metadata,Generated from pnpm's resolved dependency graph and local package metadata.
workspace,library,npm,qs,6.15.0,runtime,transitive runtime dependency,BSD-3-Clause,pkg:npm/qs@6.15.0,workspace/pnpm-lock.yaml and installed package metadata,Generated from pnpm's resolved dependency graph and local package metadata.
workspace,library,npm,queue-microtask,1.2.3,runtime,transitive runtime dependency,MIT,pkg:npm/queue-microtask@1.2.3,workspace/pnpm-lock.yaml and installed package metadata,Generated from pnpm's resolved dependency graph and local package metadata.
workspace,library,npm,quick-format-unescaped,4.0.4,runtime,transitive runtime dependency,MIT,pkg:npm/quick-format-unescaped@4.0.4,workspace/pnpm-lock.yaml and installed package metadata,Generated from pnpm's resolved dependency graph and local package metadata.
workspace,library,npm,range-parser,1.2.1,runtime,transitive runtime dependency,MIT,pkg:npm/range-parser@1.2.1,workspace/pnpm-lock.yaml and installed package metadata,Generated from pnpm's resolved dependency graph and local package metadata.
workspace,library,npm,raw-body,3.0.2,runtime,transitive runtime dependency,MIT,pkg:npm/raw-body@3.0.2,workspace/pnpm-lock.yaml and installed package metadata,Generated from pnpm's resolved dependency graph and local package metadata.
workspace,library,npm,rc,1.2.8,runtime,transitive runtime dependency,(BSD-2-Clause OR MIT OR Apache-2.0),pkg:npm/rc@1.2.8,workspace/pnpm-lock.yaml and installed package metadata,Generated from pnpm's resolved dependency graph and local package metadata.
workspace,library,npm,rc9,2.1.2,runtime,transitive runtime dependency,MIT,pkg:npm/rc9@2.1.2,workspace/pnpm-lock.yaml and installed package metadata,Generated from pnpm's resolved dependency graph and local package metadata.
workspace,library,npm,readable-stream,3.6.2,runtime,transitive runtime dependency,MIT,pkg:npm/readable-stream@3.6.2,workspace/pnpm-lock.yaml and installed package metadata,Generated from pnpm's resolved dependency graph and local package metadata.
workspace,library,npm,readdirp,5.0.0,runtime,transitive runtime dependency,MIT,pkg:npm/readdirp@5.0.0,workspace/pnpm-lock.yaml and installed package metadata,Generated from pnpm's resolved dependency graph and local package metadata.
workspace,library,npm,readdirp,3.6.0,runtime,transitive runtime dependency,MIT,pkg:npm/readdirp@3.6.0,workspace/pnpm-lock.yaml and installed package metadata,Generated from pnpm's resolved dependency graph and local package metadata.
workspace,library,npm,readdirp,4.1.2,runtime,transitive runtime dependency,MIT,pkg:npm/readdirp@4.1.2,workspace/pnpm-lock.yaml and installed package metadata,Generated from pnpm's resolved dependency graph and local package metadata.
workspace,library,npm,real-require,0.2.0,runtime,transitive runtime dependency,MIT,pkg:npm/real-require@0.2.0,workspace/pnpm-lock.yaml and installed package metadata,Generated from pnpm's resolved dependency graph and local package metadata.
workspace,library,npm,redis-errors,1.2.0,runtime,transitive runtime dependency,MIT,pkg:npm/redis-errors@1.2.0,workspace/pnpm-lock.yaml and installed package metadata,Generated from pnpm's resolved dependency graph and local package metadata.
workspace,library,npm,redis-info,3.1.0,runtime,transitive runtime dependency,MIT,pkg:npm/redis-info@3.1.0,workspace/pnpm-lock.yaml and installed package metadata,Generated from pnpm's resolved dependency graph and local package metadata.
workspace,library,npm,redis-parser,3.0.0,runtime,transitive runtime dependency,MIT,pkg:npm/redis-parser@3.0.0,workspace/pnpm-lock.yaml and installed package metadata,Generated from pnpm's resolved dependency graph and local package metadata.
workspace,library,npm,require-from-string,2.0.2,runtime,transitive runtime dependency,MIT,pkg:npm/require-from-string@2.0.2,workspace/pnpm-lock.yaml and installed package metadata,Generated from pnpm's resolved dependency graph and local package metadata.
workspace,library,npm,require-in-the-middle,8.0.1,runtime,transitive runtime dependency,MIT,pkg:npm/require-in-the-middle@8.0.1,workspace/pnpm-lock.yaml and installed package metadata,Generated from pnpm's resolved dependency graph and local package metadata.
workspace,library,npm,resolve-pkg-maps,1.0.0,runtime,transitive runtime dependency,MIT,pkg:npm/resolve-pkg-maps@1.0.0,workspace/pnpm-lock.yaml and installed package metadata,Generated from pnpm's resolved dependency graph and local package metadata.
workspace,library,npm,restore-cursor,3.1.0,runtime,transitive runtime dependency,MIT,pkg:npm/restore-cursor@3.1.0,workspace/pnpm-lock.yaml and installed package metadata,Generated from pnpm's resolved dependency graph and local package metadata.
workspace,library,npm,ret,0.5.0,runtime,transitive runtime dependency,MIT,pkg:npm/ret@0.5.0,workspace/pnpm-lock.yaml and installed package metadata,Generated from pnpm's resolved dependency graph and local package metadata.
workspace,library,npm,reusify,1.1.0,runtime,transitive runtime dependency,MIT,pkg:npm/reusify@1.1.0,workspace/pnpm-lock.yaml and installed package metadata,Generated from pnpm's resolved dependency graph and local package metadata.
workspace,library,npm,rfdc,1.4.1,runtime,transitive runtime dependency,MIT,pkg:npm/rfdc@1.4.1,workspace/pnpm-lock.yaml and installed package metadata,Generated from pnpm's resolved dependency graph and local package metadata.
workspace,library,npm,rolldown,1.0.0-rc.9,runtime,transitive runtime dependency,MIT,pkg:npm/rolldown@1.0.0-rc.9,workspace/pnpm-lock.yaml and installed package metadata,Generated from pnpm's resolved dependency graph and local package metadata.
workspace,library,npm,rou3,0.7.11,runtime,transitive runtime dependency,MIT,pkg:npm/rou3@0.7.11,workspace/pnpm-lock.yaml and installed package metadata,Generated from pnpm's resolved dependency graph and local package metadata.
workspace,library,npm,router,2.2.0,runtime,transitive runtime dependency,MIT,pkg:npm/router@2.2.0,workspace/pnpm-lock.yaml and installed package metadata,Generated from pnpm's resolved dependency graph and local package metadata.
workspace,library,npm,run-parallel,1.2.0,runtime,transitive runtime dependency,MIT,pkg:npm/run-parallel@1.2.0,workspace/pnpm-lock.yaml and installed package metadata,Generated from pnpm's resolved dependency graph and local package metadata.
workspace,library,npm,safe-buffer,5.2.1,runtime,transitive runtime dependency,MIT,pkg:npm/safe-buffer@5.2.1,workspace/pnpm-lock.yaml and installed package metadata,Generated from pnpm's resolved dependency graph and local package metadata.
workspace,library,npm,safe-regex2,5.0.0,runtime,transitive runtime dependency,MIT,pkg:npm/safe-regex2@5.0.0,workspace/pnpm-lock.yaml and installed package metadata,Generated from pnpm's resolved dependency graph and local package metadata.
workspace,library,npm,safe-stable-stringify,2.5.0,runtime,transitive runtime dependency,MIT,pkg:npm/safe-stable-stringify@2.5.0,workspace/pnpm-lock.yaml and installed package metadata,Generated from pnpm's resolved dependency graph and local package metadata.
workspace,library,npm,safer-buffer,2.1.2,runtime,transitive runtime dependency,MIT,pkg:npm/safer-buffer@2.1.2,workspace/pnpm-lock.yaml and installed package metadata,Generated from pnpm's resolved dependency graph and local package metadata.
workspace,library,npm,secure-json-parse,4.1.0,runtime,transitive runtime dependency,BSD-3-Clause,pkg:npm/secure-json-parse@4.1.0,workspace/pnpm-lock.yaml and installed package metadata,Generated from pnpm's resolved dependency graph and local package metadata.
workspace,library,npm,semver,7.7.3,runtime,transitive runtime dependency,ISC,pkg:npm/semver@7.7.3,workspace/pnpm-lock.yaml and installed package metadata,Generated from pnpm's resolved dependency graph and local package metadata.
workspace,library,npm,send,1.2.1,runtime,transitive runtime dependency,MIT,pkg:npm/send@1.2.1,workspace/pnpm-lock.yaml and installed package metadata,Generated from pnpm's resolved dependency graph and local package metadata.
workspace,library,npm,serve-static,2.2.1,runtime,transitive runtime dependency,MIT,pkg:npm/serve-static@2.2.1,workspace/pnpm-lock.yaml and installed package metadata,Generated from pnpm's resolved dependency graph and local package metadata.
workspace,library,npm,set-cookie-parser,2.7.2,runtime,transitive runtime dependency,MIT,pkg:npm/set-cookie-parser@2.7.2,workspace/pnpm-lock.yaml and installed package metadata,Generated from pnpm's resolved dependency graph and local package metadata.
workspace,library,npm,set-function-length,1.2.2,runtime,transitive runtime dependency,MIT,pkg:npm/set-function-length@1.2.2,workspace/pnpm-lock.yaml and installed package metadata,Generated from pnpm's resolved dependency graph and local package metadata.
workspace,library,npm,setprototypeof,1.2.0,runtime,transitive runtime dependency,ISC,pkg:npm/setprototypeof@1.2.0,workspace/pnpm-lock.yaml and installed package metadata,Generated from pnpm's resolved dependency graph and local package metadata.
workspace,library,npm,shebang-command,2.0.0,runtime,transitive runtime dependency,MIT,pkg:npm/shebang-command@2.0.0,workspace/pnpm-lock.yaml and installed package metadata,Generated from pnpm's resolved dependency graph and local package metadata.
workspace,library,npm,shebang-regex,3.0.0,runtime,transitive runtime dependency,MIT,pkg:npm/shebang-regex@3.0.0,workspace/pnpm-lock.yaml and installed package metadata,Generated from pnpm's resolved dependency graph and local package metadata.
workspace,library,npm,side-channel,1.1.0,runtime,transitive runtime dependency,MIT,pkg:npm/side-channel@1.1.0,workspace/pnpm-lock.yaml and installed package metadata,Generated from pnpm's resolved dependency graph and local package metadata.
workspace,library,npm,side-channel-list,1.0.0,runtime,transitive runtime dependency,MIT,pkg:npm/side-channel-list@1.0.0,workspace/pnpm-lock.yaml and installed package metadata,Generated from pnpm's resolved dependency graph and local package metadata.
workspace,library,npm,side-channel-map,1.0.1,runtime,transitive runtime dependency,MIT,pkg:npm/side-channel-map@1.0.1,workspace/pnpm-lock.yaml and installed package metadata,Generated from pnpm's resolved dependency graph and local package metadata.
workspace,library,npm,side-channel-weakmap,1.0.2,runtime,transitive runtime dependency,MIT,pkg:npm/side-channel-weakmap@1.0.2,workspace/pnpm-lock.yaml and installed package metadata,Generated from pnpm's resolved dependency graph and local package metadata.
workspace,library,npm,signal-exit,4.1.0,runtime,transitive runtime dependency,ISC,pkg:npm/signal-exit@4.1.0,workspace/pnpm-lock.yaml and installed package metadata,Generated from pnpm's resolved dependency graph and local package metadata.
workspace,library,npm,signal-exit,3.0.7,runtime,transitive runtime dependency,ISC,pkg:npm/signal-exit@3.0.7,workspace/pnpm-lock.yaml and installed package metadata,Generated from pnpm's resolved dependency graph and local package metadata.
workspace,library,npm,simple-concat,1.0.1,runtime,transitive runtime dependency,MIT,pkg:npm/simple-concat@1.0.1,workspace/pnpm-lock.yaml and installed package metadata,Generated from pnpm's resolved dependency graph and local package metadata.
workspace,library,npm,simple-get,4.0.1,runtime,transitive runtime dependency,MIT,pkg:npm/simple-get@4.0.1,workspace/pnpm-lock.yaml and installed package metadata,Generated from pnpm's resolved dependency graph and local package metadata.
workspace,library,npm,slash,3.0.0,runtime,transitive runtime dependency,MIT,pkg:npm/slash@3.0.0,workspace/pnpm-lock.yaml and installed package metadata,Generated from pnpm's resolved dependency graph and local package metadata.
workspace,library,npm,sonic-boom,4.2.0,runtime,transitive runtime dependency,MIT,pkg:npm/sonic-boom@4.2.0,workspace/pnpm-lock.yaml and installed package metadata,Generated from pnpm's resolved dependency graph and local package metadata.
workspace,library,npm,split2,4.2.0,runtime,transitive runtime dependency,ISC,pkg:npm/split2@4.2.0,workspace/pnpm-lock.yaml and installed package metadata,Generated from pnpm's resolved dependency graph and local package metadata.
workspace,library,npm,sql-escaper,1.3.3,runtime,transitive runtime dependency,MIT,pkg:npm/sql-escaper@1.3.3,workspace/pnpm-lock.yaml and installed package metadata,Generated from pnpm's resolved dependency graph and local package metadata.
workspace,library,npm,standard-as-callback,2.1.0,runtime,transitive runtime dependency,MIT,pkg:npm/standard-as-callback@2.1.0,workspace/pnpm-lock.yaml and installed package metadata,Generated from pnpm's resolved dependency graph and local package metadata.
workspace,library,npm,statuses,2.0.2,runtime,transitive runtime dependency,MIT,pkg:npm/statuses@2.0.2,workspace/pnpm-lock.yaml and installed package metadata,Generated from pnpm's resolved dependency graph and local package metadata.
workspace,library,npm,string_decoder,1.3.0,runtime,transitive runtime dependency,MIT,pkg:npm/string_decoder@1.3.0,workspace/pnpm-lock.yaml and installed package metadata,Generated from pnpm's resolved dependency graph and local package metadata.
workspace,library,npm,string-width,5.1.2,runtime,transitive runtime dependency,MIT,pkg:npm/string-width@5.1.2,workspace/pnpm-lock.yaml and installed package metadata,Generated from pnpm's resolved dependency graph and local package metadata.
workspace,library,npm,string-width,4.2.3,runtime,transitive runtime dependency,MIT,pkg:npm/string-width@4.2.3,workspace/pnpm-lock.yaml and installed package metadata,Generated from pnpm's resolved dependency graph and local package metadata.
workspace,library,npm,strip-ansi,7.1.2,runtime,transitive runtime dependency,MIT,pkg:npm/strip-ansi@7.1.2,workspace/pnpm-lock.yaml and installed package metadata,Generated from pnpm's resolved dependency graph and local package metadata.
workspace,library,npm,strip-ansi,6.0.1,runtime,transitive runtime dependency,MIT,pkg:npm/strip-ansi@6.0.1,workspace/pnpm-lock.yaml and installed package metadata,Generated from pnpm's resolved dependency graph and local package metadata.
workspace,library,npm,strip-final-newline,4.0.0,runtime,transitive runtime dependency,MIT,pkg:npm/strip-final-newline@4.0.0,workspace/pnpm-lock.yaml and installed package metadata,Generated from pnpm's resolved dependency graph and local package metadata.
workspace,library,npm,strip-json-comments,5.0.3,runtime,transitive runtime dependency,MIT,pkg:npm/strip-json-comments@5.0.3,workspace/pnpm-lock.yaml and installed package metadata,Generated from pnpm's resolved dependency graph and local package metadata.
workspace,library,npm,strip-json-comments,2.0.1,runtime,transitive runtime dependency,MIT,pkg:npm/strip-json-comments@2.0.1,workspace/pnpm-lock.yaml and installed package metadata,Generated from pnpm's resolved dependency graph and local package metadata.
workspace,library,npm,superjson,2.2.6,runtime,transitive runtime dependency,MIT,pkg:npm/superjson@2.2.6,workspace/pnpm-lock.yaml and installed package metadata,Generated from pnpm's resolved dependency graph and local package metadata.
workspace,library,npm,supports-color,7.2.0,runtime,transitive runtime dependency,MIT,pkg:npm/supports-color@7.2.0,workspace/pnpm-lock.yaml and installed package metadata,Generated from pnpm's resolved dependency graph and local package metadata.
workspace,library,npm,tar-fs,2.1.4,runtime,transitive runtime dependency,MIT,pkg:npm/tar-fs@2.1.4,workspace/pnpm-lock.yaml and installed package metadata,Generated from pnpm's resolved dependency graph and local package metadata.
workspace,library,npm,tar-stream,2.2.0,runtime,transitive runtime dependency,MIT,pkg:npm/tar-stream@2.2.0,workspace/pnpm-lock.yaml and installed package metadata,Generated from pnpm's resolved dependency graph and local package metadata.
workspace,library,npm,thread-stream,4.0.0,runtime,transitive runtime dependency,MIT,pkg:npm/thread-stream@4.0.0,workspace/pnpm-lock.yaml and installed package metadata,Generated from pnpm's resolved dependency graph and local package metadata.
workspace,library,npm,tiny-glob,0.2.9,runtime,direct runtime dependency,MIT,pkg:npm/tiny-glob@0.2.9,workspace/pnpm-lock.yaml and installed package metadata,Generated from pnpm's resolved dependency graph and local package metadata.
workspace,library,npm,tinyexec,1.0.2,runtime,transitive runtime dependency,MIT,pkg:npm/tinyexec@1.0.2,workspace/pnpm-lock.yaml and installed package metadata,Generated from pnpm's resolved dependency graph and local package metadata.
workspace,library,npm,to-regex-range,5.0.1,runtime,transitive runtime dependency,MIT,pkg:npm/to-regex-range@5.0.1,workspace/pnpm-lock.yaml and installed package metadata,Generated from pnpm's resolved dependency graph and local package metadata.
workspace,library,npm,toad-cache,3.7.0,runtime,transitive runtime dependency,MIT,pkg:npm/toad-cache@3.7.0,workspace/pnpm-lock.yaml and installed package metadata,Generated from pnpm's resolved dependency graph and local package metadata.
workspace,library,npm,toidentifier,1.0.1,runtime,transitive runtime dependency,MIT,pkg:npm/toidentifier@1.0.1,workspace/pnpm-lock.yaml and installed package metadata,Generated from pnpm's resolved dependency graph and local package metadata.
workspace,library,npm,toposort,2.0.2,runtime,transitive runtime dependency,MIT,pkg:npm/toposort@2.0.2,workspace/pnpm-lock.yaml and installed package metadata,Generated from pnpm's resolved dependency graph and local package metadata.
workspace,library,npm,ts-japi,1.12.1,runtime,transitive runtime dependency,MIT,pkg:npm/ts-japi@1.12.1,workspace/pnpm-lock.yaml and installed package metadata,Generated from pnpm's resolved dependency graph and local package metadata.
workspace,library,npm,ts-pattern,5.9.0,runtime,transitive runtime dependency,MIT,pkg:npm/ts-pattern@5.9.0,workspace/pnpm-lock.yaml and installed package metadata,Generated from pnpm's resolved dependency graph and local package metadata.
workspace,library,npm,tslib,2.8.1,runtime,transitive runtime dependency,0BSD,pkg:npm/tslib@2.8.1,workspace/pnpm-lock.yaml and installed package metadata,Generated from pnpm's resolved dependency graph and local package metadata.
workspace,library,npm,tsx,4.21.0,runtime,direct runtime dependency,MIT,pkg:npm/tsx@4.21.0,workspace/pnpm-lock.yaml and installed package metadata,Generated from pnpm's resolved dependency graph and local package metadata.
workspace,library,npm,tunnel-agent,0.6.0,runtime,transitive runtime dependency,Apache-2.0,pkg:npm/tunnel-agent@0.6.0,workspace/pnpm-lock.yaml and installed package metadata,Generated from pnpm's resolved dependency graph and local package metadata.
workspace,library,npm,type-is,2.0.1,runtime,transitive runtime dependency,MIT,pkg:npm/type-is@2.0.1,workspace/pnpm-lock.yaml and installed package metadata,Generated from pnpm's resolved dependency graph and local package metadata.
workspace,library,npm,typescript,5.9.3,runtime,transitive runtime dependency,Apache-2.0,pkg:npm/typescript@5.9.3,workspace/pnpm-lock.yaml and installed package metadata,Generated from pnpm's resolved dependency graph and local package metadata.
workspace,library,npm,ulid,3.0.2,runtime,transitive runtime dependency,MIT,pkg:npm/ulid@3.0.2,workspace/pnpm-lock.yaml and installed package metadata,Generated from pnpm's resolved dependency graph and local package metadata.
workspace,library,npm,undici,7.16.0,runtime,transitive runtime dependency,MIT,pkg:npm/undici@7.16.0,workspace/pnpm-lock.yaml and installed package metadata,Generated from pnpm's resolved dependency graph and local package metadata.
workspace,library,npm,undici-types,7.16.0,runtime,transitive runtime dependency,MIT,pkg:npm/undici-types@7.16.0,workspace/pnpm-lock.yaml and installed package metadata,Generated from pnpm's resolved dependency graph and local package metadata.
workspace,library,npm,unicorn-magic,0.3.0,runtime,transitive runtime dependency,MIT,pkg:npm/unicorn-magic@0.3.0,workspace/pnpm-lock.yaml and installed package metadata,Generated from pnpm's resolved dependency graph and local package metadata.
workspace,library,npm,universalify,2.0.1,runtime,transitive runtime dependency,MIT,pkg:npm/universalify@2.0.1,workspace/pnpm-lock.yaml and installed package metadata,Generated from pnpm's resolved dependency graph and local package metadata.
workspace,library,npm,unpipe,1.0.0,runtime,transitive runtime dependency,MIT,pkg:npm/unpipe@1.0.0,workspace/pnpm-lock.yaml and installed package metadata,Generated from pnpm's resolved dependency graph and local package metadata.
workspace,library,npm,url-pattern,1.0.3,runtime,transitive runtime dependency,MIT,pkg:npm/url-pattern@1.0.3,workspace/pnpm-lock.yaml and installed package metadata,Generated from pnpm's resolved dependency graph and local package metadata.
workspace,library,npm,util-deprecate,1.0.2,runtime,transitive runtime dependency,MIT,pkg:npm/util-deprecate@1.0.2,workspace/pnpm-lock.yaml and installed package metadata,Generated from pnpm's resolved dependency graph and local package metadata.
workspace,library,npm,uuid,11.1.0,runtime,transitive runtime dependency,MIT,pkg:npm/uuid@11.1.0,workspace/pnpm-lock.yaml and installed package metadata,Generated from pnpm's resolved dependency graph and local package metadata.
workspace,library,npm,vary,1.1.2,runtime,transitive runtime dependency,MIT,pkg:npm/vary@1.1.2,workspace/pnpm-lock.yaml and installed package metadata,Generated from pnpm's resolved dependency graph and local package metadata.
workspace,library,npm,vscode-jsonrpc,8.2.0,runtime,transitive runtime dependency,MIT,pkg:npm/vscode-jsonrpc@8.2.0,workspace/pnpm-lock.yaml and installed package metadata,Generated from pnpm's resolved dependency graph and local package metadata.
workspace,library,npm,vscode-languageserver,9.0.1,runtime,transitive runtime dependency,MIT,pkg:npm/vscode-languageserver@9.0.1,workspace/pnpm-lock.yaml and installed package metadata,Generated from pnpm's resolved dependency graph and local package metadata.
workspace,library,npm,vscode-languageserver-protocol,3.17.5,runtime,transitive runtime dependency,MIT,pkg:npm/vscode-languageserver-protocol@3.17.5,workspace/pnpm-lock.yaml and installed package metadata,Generated from pnpm's resolved dependency graph and local package metadata.
workspace,library,npm,vscode-languageserver-textdocument,1.0.12,runtime,transitive runtime dependency,MIT,pkg:npm/vscode-languageserver-textdocument@1.0.12,workspace/pnpm-lock.yaml and installed package metadata,Generated from pnpm's resolved dependency graph and local package metadata.
workspace,library,npm,vscode-languageserver-types,3.17.5,runtime,transitive runtime dependency,MIT,pkg:npm/vscode-languageserver-types@3.17.5,workspace/pnpm-lock.yaml and installed package metadata,Generated from pnpm's resolved dependency graph and local package metadata.
workspace,library,npm,vscode-uri,3.0.8,runtime,transitive runtime dependency,MIT,pkg:npm/vscode-uri@3.0.8,workspace/pnpm-lock.yaml and installed package metadata,Generated from pnpm's resolved dependency graph and local package metadata.
workspace,library,npm,wcwidth,1.0.1,runtime,transitive runtime dependency,MIT,pkg:npm/wcwidth@1.0.1,workspace/pnpm-lock.yaml and installed package metadata,Generated from pnpm's resolved dependency graph and local package metadata.
workspace,library,npm,which,2.0.2,runtime,transitive runtime dependency,ISC,pkg:npm/which@2.0.2,workspace/pnpm-lock.yaml and installed package metadata,Generated from pnpm's resolved dependency graph and local package metadata.
workspace,library,npm,wrap-ansi,8.1.0,runtime,transitive runtime dependency,MIT,pkg:npm/wrap-ansi@8.1.0,workspace/pnpm-lock.yaml and installed package metadata,Generated from pnpm's resolved dependency graph and local package metadata.
workspace,library,npm,wrap-ansi,7.0.0,runtime,transitive runtime dependency,MIT,pkg:npm/wrap-ansi@7.0.0,workspace/pnpm-lock.yaml and installed package metadata,Generated from pnpm's resolved dependency graph and local package metadata.
workspace,library,npm,wrappy,1.0.2,runtime,transitive runtime dependency,ISC,pkg:npm/wrappy@1.0.2,workspace/pnpm-lock.yaml and installed package metadata,Generated from pnpm's resolved dependency graph and local package metadata.
workspace,library,npm,ws,8.18.3,runtime,transitive runtime dependency,MIT,pkg:npm/ws@8.18.3,workspace/pnpm-lock.yaml and installed package metadata,Generated from pnpm's resolved dependency graph and local package metadata.
workspace,library,npm,xtend,4.0.2,runtime,transitive runtime dependency,MIT,pkg:npm/xtend@4.0.2,workspace/pnpm-lock.yaml and installed package metadata,Generated from pnpm's resolved dependency graph and local package metadata.
workspace,library,npm,yaml,2.8.2,runtime,transitive runtime dependency,ISC,pkg:npm/yaml@2.8.2,workspace/pnpm-lock.yaml and installed package metadata,Generated from pnpm's resolved dependency graph and local package metadata.
workspace,library,npm,yoctocolors,2.1.2,runtime,transitive runtime dependency,MIT,pkg:npm/yoctocolors@2.1.2,workspace/pnpm-lock.yaml and installed package metadata,Generated from pnpm's resolved dependency graph and local package metadata.
workspace,library,npm,zod,4.4.3,runtime,direct runtime dependency,MIT,pkg:npm/zod@4.4.3,workspace/pnpm-lock.yaml and installed package metadata,Generated from pnpm's resolved dependency graph and local package metadata.
workspace,library,npm,zod-validation-error,4.0.2,runtime,transitive runtime dependency,MIT,pkg:npm/zod-validation-error@4.0.2,workspace/pnpm-lock.yaml and installed package metadata,Generated from pnpm's resolved dependency graph and local package metadata.
